Age,TotalWorkingYears,MonthlyIncome,DBSCAN_Cluster
41,8,5993,0
49,10,5130,0
37,7,2090,0
33,8,2909,0
27,6,3468,0
32,8,3068,0
59,12,2670,0
30,1,2693,0
38,10,9526,0
36,17,5237,0
35,6,2426,0
29,10,4193,0
31,5,2911,0
34,3,2661,0
28,6,2028,0
29,10,9980,0
32,7,3298,0
22,1,2935,0
53,31,15427,0
38,6,3944,0
24,5,4011,0
36,10,3407,0
34,13,11994,0
21,0,1232,0
34,8,2960,0
53,26,19094,0
32,10,3919,0
42,10,6825,0
44,24,10248,0
46,22,18947,0
33,7,2496,0
44,9,6465,0
30,10,2206,0
39,19,2086,0
24,6,2293,0
43,6,2645,0
50,3,2683,0
35,2,2014,0
36,6,3419,0
33,10,5376,0
35,1,1951,0
27,1,2341,0
26,1,2293,0
27,9,8726,0
30,12,4011,0
41,23,19545,0
34,10,4568,0
37,8,3022,0
46,14,5772,0
35,1,2269,0
48,23,5381,0
28,2,3441,0
44,9,5454,0
35,10,9884,0
26,5,4157,0
33,15,13458,0
35,9,9069,0
35,4,4014,0
31,10,5915,0
37,7,5993,0
32,9,6162,0
38,10,2406,0
50,29,18740,0
59,28,7637,0
36,17,10096,0
55,21,14756,0
36,6,6499,0
45,25,9724,0
35,5,2194,0
36,2,3388,0
59,20,5473,0
29,6,2703,0
31,1,2501,0
32,10,6220,0
36,5,3038,0
31,11,4424,0
35,16,4312,0
45,17,13245,0
37,16,13664,0
46,16,5021,0
30,10,5126,0
35,6,2859,0
55,24,10239,0
38,17,5329,0
34,5,4325,0
56,37,7260,0
23,3,2322,0
51,10,2075,0
30,11,4152,0
46,9,9619,0
40,22,13503,0
51,11,5441,0
30,11,5209,0
46,21,10673,0
32,12,5010,0
54,16,13549,0
24,4,4999,0
28,5,4221,0
58,38,13872,0
44,17,2042,0
37,7,2073,0
32,1,2956,0
20,1,2926,0
34,16,4809,0
37,17,5163,0
59,30,18844,0
50,28,18172,0
25,6,5744,0
25,2,2889,0
22,1,2871,0
51,23,7484,0
34,9,6074,0
54,23,17328,0
24,6,2774,0
34,12,4505,0
37,12,7428,0
34,14,11631,0
36,10,9738,0
36,7,2835,0
43,25,16959,0
30,10,2613,0
33,8,6146,0
56,7,4963,0
51,23,19537,0
31,12,6172,0
26,5,2368,0
58,40,10312,-1
19,0,1675,0
22,3,2523,0
49,16,6567,0
43,18,4739,0
50,16,9208,0
31,4,4559,0
41,12,8189,0
26,8,2942,0
36,7,4941,0
51,18,10650,0
39,17,5902,0
25,6,8639,0
30,12,6347,0
32,10,4200,0
45,9,3452,0
38,19,4317,0
30,5,2632,0
32,9,4668,0
30,8,3204,0
30,6,2720,0
41,21,17181,0
41,7,2238,0
19,1,1483,0
40,20,5605,0
35,10,7295,0
53,13,2306,0
45,20,2348,0
32,9,8998,0
29,10,4319,0
51,10,6132,0
58,9,3346,0
40,15,10855,0
34,6,2231,0
22,2,2323,0
27,6,2024,0
28,5,2713,0
57,12,9439,0
27,1,2566,0
50,21,19926,0
41,13,2451,0
30,12,9419,0
38,12,8686,0
32,8,3038,0
27,6,3058,0
19,1,2325,0
36,13,2088,0
30,12,3072,0
45,9,5006,0
56,19,4257,0
33,4,2500,0
19,1,1102,0
46,24,10453,0
38,2,2288,0
31,7,3929,0
34,9,2311,0
41,4,3140,0
50,5,3690,0
53,5,4450,0
33,8,2756,0
40,21,19033,0
55,36,18722,0
34,10,9547,0
51,21,13734,0
52,34,19999,0
27,7,2279,0
35,8,5916,0
43,7,2089,0
45,22,16792,0
37,8,3564,0
35,10,4425,0
42,11,5265,0
38,14,6553,0
38,9,6261,0
27,6,4298,0
49,7,6804,0
34,5,3815,0
40,15,2741,0
38,17,6673,0
29,10,7639,0
22,4,2328,0
36,8,2153,0
40,5,4876,0
46,17,9396,0
32,14,10400,0
30,12,8474,0
27,7,9981,0
51,16,12490,0
30,8,2657,0
41,16,13591,0
30,9,6696,0
29,7,2058,0
45,23,8865,0
54,16,5940,0
36,16,5914,0
33,7,2622,0
37,10,12185,0
38,17,10609,0
31,6,4345,0
59,7,2177,0
37,13,2793,0
29,11,7918,0
35,10,8789,0
29,4,2389,0
52,6,3212,0
42,22,19232,0
59,7,2267,0
50,32,19517,0
33,8,2436,0
43,22,16064,0
33,13,2707,0
52,33,19068,0
32,6,3931,0
32,4,3730,0
39,7,2232,0
32,4,4465,0
41,17,3072,0
40,9,3319,0
45,25,19202,0
31,9,13675,0
33,2,2911,0
34,13,5957,0
37,17,3920,0
45,9,6434,0
37,17,10048,0
39,20,10938,0
29,6,2340,0
42,10,6545,0
29,10,6931,0
25,5,4898,0
42,10,2593,0
40,22,19436,0
51,1,2723,0
31,6,3479,0
32,5,2794,0
38,13,5249,0
32,9,2176,0
46,28,16872,0
28,5,3485,0
29,10,6644,0
31,10,5582,0
25,6,4000,0
45,21,13496,0
36,16,3210,0
55,37,19045,0
47,10,11849,0
28,5,2070,0
37,7,6502,0
21,3,3230,0
37,15,13603,0
35,10,11996,0
38,8,5605,0
26,6,6397,0
50,28,19144,0
53,21,17584,0
42,20,4907,0
29,10,4554,0
55,12,5415,0
26,5,4741,0
37,17,2115,0
44,19,3161,0
38,10,5745,0
26,5,2373,0
28,5,3310,0
49,22,18665,0
36,10,4485,0
31,2,2789,0
26,8,5828,0
37,4,2326,0
42,23,13525,0
18,0,1420,0
35,12,8020,0
36,4,3688,0
51,13,5482,0
41,22,16015,0
18,0,1200,0
28,9,5661,0
31,10,6929,0
39,19,9613,0
36,11,5674,0
32,13,5484,0
38,19,12061,0
58,12,5660,0
31,6,4821,0
31,9,6410,0
45,24,5210,0
31,3,2695,0
33,12,11878,0
39,21,17068,0
43,9,2455,0
49,25,13964,0
52,11,4941,0
27,4,2478,0
32,13,5228,0
27,5,4478,0
31,13,7547,0
32,10,5055,0
28,5,3464,0
30,11,5775,0
31,10,8943,0
39,21,19272,0
39,12,5238,0
33,9,4682,0
47,21,18300,0
43,9,5257,0
27,6,6349,0
54,20,4869,0
43,10,9985,0
45,12,3697,0
40,6,7457,0
29,7,2119,0
29,4,3983,0
30,10,6118,0
27,8,6214,0
37,8,6347,0
38,12,11510,0
31,11,7143,0
29,7,8268,0
35,17,8095,0
23,4,2904,0
41,8,6032,0
47,5,2976,0
42,16,15992,0
29,4,4649,0
42,4,2696,0
32,8,2370,0
48,15,12504,0
37,13,5974,0
30,4,4736,0
26,8,5296,0
42,14,6781,0
21,3,2174,0
36,7,6653,0
36,16,9699,0
57,15,6755,0
40,10,2213,0
21,3,2610,0
33,1,2851,0
37,17,3452,0
46,7,5258,0
41,8,9355,0
50,20,10496,0
40,8,6380,0
31,3,2657,0
21,1,2716,0
29,6,2201,0
35,10,6540,0
27,5,3816,0
28,7,5253,0
49,26,10965,0
51,18,4936,0
36,6,2543,0
34,9,5304,0
55,30,16659,0
24,5,4260,0
30,1,2476,0
26,7,3102,0
22,2,2244,0
36,10,7596,0
30,3,2285,0
37,18,3034,0
40,8,5715,0
42,8,2576,0
37,18,4197,0
43,25,14336,0
40,20,3448,0
54,24,19406,0
34,6,6538,0
31,13,4306,0
43,8,2258,0
43,8,4522,0
25,5,4487,0
37,15,4449,0
31,4,2218,0
39,21,19197,0
56,36,13212,0
30,6,6577,0
41,10,8392,0
28,10,4558,0
25,6,4031,0
52,28,7969,0
45,8,2654,0
52,31,16555,0
42,19,4556,0
30,11,6091,0
60,33,19566,0
46,19,4810,0
42,7,4523,0
24,6,3202,0
34,3,2351,0
38,1,1702,0
40,21,18041,0
26,3,2886,0
30,9,2097,0
29,10,11935,0
29,6,2546,0
19,1,2564,0
30,10,8412,0
57,32,14118,0
50,28,17046,0
30,12,2564,0
60,22,10266,0
47,20,5070,0
46,26,17861,0
35,6,4230,0
54,19,3780,0
34,14,2768,0
46,15,9071,0
31,13,10648,0
33,15,13610,0
33,8,3408,0
30,4,2983,0
35,10,7632,0
31,12,9824,0
34,11,9950,0
42,8,2093,0
36,10,9980,0
22,4,3894,0
48,14,4051,0
55,37,16835,0
41,16,6230,0
35,15,4717,0
40,22,13237,0
39,8,3755,0
31,10,6582,0
42,10,7406,0
45,9,4805,0
26,8,2741,0
29,8,4262,0
33,10,16184,0
31,10,11557,0
18,0,1878,0
40,20,10932,0
41,10,6811,0
26,8,4306,0
35,5,4859,0
34,10,5337,0
26,1,2340,0
37,12,7491,0
46,28,10527,0
41,22,16595,0
37,9,8834,0
52,18,5577,0
32,6,4707,0
24,3,2400,0
38,18,9824,0
37,8,6447,0
49,31,19502,0
24,6,2725,0
26,6,6272,0
24,1,2127,0
50,32,18200,0
25,7,2096,0
24,6,2886,0
30,1,2033,0
34,6,3622,0
31,9,4233,0
35,9,3681,0
31,13,5460,0
27,6,2187,0
37,17,9602,0
20,1,2836,0
42,10,4089,0
43,21,16627,0
38,8,2619,0
43,10,5679,0
48,21,15402,0
44,10,5985,0
34,8,2579,0
27,5,3041,0
21,3,3447,0
44,26,19513,0
22,3,2773,0
33,6,7104,0
32,6,6322,0
30,1,2083,0
53,18,8381,0
34,10,2691,0
45,5,4286,0
26,3,2659,0
37,10,9434,0
29,6,5561,0
35,17,6646,0
33,15,7725,0
54,16,10725,0
36,13,8847,0
27,5,2045,0
20,1,1009,0
33,10,3348,0
35,1,1281,0
23,5,2819,0
25,4,4851,0
38,8,4028,0
29,10,2720,0
48,12,8120,0
27,6,4647,0
37,4,4680,0
50,20,3221,0
34,9,8621,0
24,4,4577,0
39,20,4553,0
32,10,5396,0
50,18,6796,0
38,10,7625,0
27,9,7412,0
32,10,11159,0
47,20,4960,0
40,20,10475,0
53,32,14814,0
41,23,19141,0
60,10,5405,0
27,9,8793,0
41,22,19189,0
50,4,3875,0
28,10,2216,0
36,10,11713,0
38,10,7861,0
44,9,3708,0
47,28,13770,0
30,10,5304,0
29,1,2642,0
42,7,2759,0
43,7,6804,0
34,10,6142,0
23,5,2500,0
39,12,6389,0
56,30,11103,0
40,5,2342,0
27,9,6811,0
29,2,2297,0
53,19,2450,0
35,16,5093,0
32,10,5309,0
38,6,3057,0
34,7,5121,0
52,34,16856,0
33,10,2686,0
25,6,6180,0
45,9,6632,0
23,2,3505,0
47,8,6397,0
34,6,6274,0
55,24,19859,0
36,10,7587,0
52,5,4258,0
26,5,4364,0
29,11,4335,0
26,6,5326,0
34,10,3280,0
54,9,5485,0
27,5,4342,0
37,6,2782,0
38,17,5980,0
34,6,4381,0
35,3,2572,0
30,7,3833,0
40,8,4244,0
34,6,6500,0
42,24,18430,0
23,1,1601,0
24,1,2694,0
52,9,3149,0
50,30,17639,0
29,1,2319,0
33,14,11691,0
33,6,5324,0
47,26,16752,0
36,10,5228,0
29,10,2700,0
58,40,19246,0
35,7,2506,0
42,8,6062,0
28,5,4382,0
36,8,2143,0
32,14,6162,0
40,10,5094,0
30,12,6877,0
45,1,2274,0
42,10,4434,0
38,13,6288,0
34,6,2553,0
49,9,7654,0
55,12,5160,0
43,22,17159,0
27,9,12808,0
35,17,10221,0
28,8,4779,0
34,4,3737,0
26,8,2366,0
27,0,1706,0
51,29,16307,0
44,10,5933,0
25,6,3424,0
33,9,4037,0
35,6,2559,0
36,18,6201,0
32,8,4403,0
30,10,3761,0
53,35,10934,0
45,18,10761,0
32,9,5175,0
52,31,13826,0
37,9,6334,0
28,6,4936,0
22,4,4775,0
44,10,2818,0
42,8,2515,0
36,6,2342,0
25,5,4194,0
35,17,10685,0
35,10,2022,0
32,4,2314,0
25,5,4256,0
49,7,3580,0
24,6,3162,0
32,10,6524,0
38,3,2899,0
42,17,5231,0
31,8,2356,0
29,5,2800,0
53,28,11836,0
35,16,10903,0
37,10,2973,0
53,33,14275,0
43,12,5562,0
47,8,4537,0
37,10,7642,0
50,31,17924,0
39,13,5204,0
33,7,2277,0
32,1,2795,0
29,8,2532,0
44,8,2559,0
28,4,4908,0
58,3,2380,0
43,4,4765,0
20,2,2044,0
21,1,2693,0
36,17,6586,0
47,3,3294,0
22,4,4171,0
41,10,2778,0
28,6,2377,0
39,8,2404,0
27,1,2318,0
34,1,2008,0
42,10,6244,0
33,6,2799,0
58,24,10552,0
31,13,2329,0
35,10,4014,0
49,29,7403,0
48,13,2259,0
31,9,6932,0
36,8,4678,0
38,15,13582,0
32,5,2332,0
25,1,2413,0
40,11,9705,0
26,7,4294,0
41,20,4721,0
36,16,2519,0
19,1,2121,0
20,1,2973,0
31,10,5855,0
40,3,3617,0
32,8,6725,0
36,16,10325,0
33,6,6949,0
37,17,10609,0
45,9,4447,0
29,3,2157,0
35,5,4601,0
52,26,17099,0
58,7,2479,0
53,22,14852,0
30,10,7264,0
38,6,5666,0
35,12,7823,0
39,9,7880,0
40,22,13194,0
47,20,5067,0
36,12,5079,0
31,4,2321,0
33,10,17444,-1
29,3,2404,0
33,5,3452,0
45,8,2270,0
50,32,17399,0
33,6,5488,0
41,21,19419,0
27,4,2811,0
45,9,3633,0
47,9,4163,0
30,7,2132,0
50,22,13973,0
38,3,2684,0
46,13,10845,0
24,5,4377,0
35,5,3743,0
31,4,4148,0
18,0,1051,0
54,22,10739,0
35,16,10388,0
30,9,11416,0
20,1,2600,0
30,4,2422,0
26,8,5472,0
22,4,2451,0
48,19,4240,0
48,27,10999,0
41,8,5003,0
39,21,12742,0
27,4,4227,0
35,3,3917,0
42,21,18303,0
50,8,2380,0
59,30,13726,0
37,15,4777,0
55,17,6385,0
41,21,19973,0
38,19,6861,0
26,7,4969,0
52,33,19845,0
44,23,13320,0
50,19,6347,0
36,18,2743,0
39,21,10880,0
33,3,2342,0
45,26,17650,0
32,10,4025,0
34,16,9725,0
59,14,11904,0
45,6,2177,0
53,30,7525,0
36,9,4834,0
26,6,2042,0
34,1,2220,0
28,1,1052,0
38,8,2821,0
50,29,19237,0
37,8,4107,0
40,8,8396,0
26,5,2007,0
46,23,19627,0
54,13,10686,0
56,18,2942,0
36,15,8858,0
55,31,16756,0
43,18,10798,0
20,2,2323,0
21,1,1416,0
46,19,4615,0
51,18,2461,0
28,10,8722,0
26,6,3955,0
30,7,9957,0
41,10,3376,0
38,20,8823,0
40,14,10322,0
27,3,4621,0
55,23,10976,0
28,10,3660,0
44,24,10482,0
33,9,7119,0
35,9,9582,0
33,14,4508,0
28,4,2207,0
34,7,7756,0
37,8,6694,0
25,7,3691,0
26,1,2377,0
33,5,2313,0
42,23,17665,0
28,1,2596,0
50,5,4728,0
33,4,4302,0
34,6,2979,0
48,27,16885,0
45,15,5593,0
52,18,10445,0
38,9,8740,0
29,11,2514,0
28,10,7655,0
46,23,17465,0
38,10,7351,0
43,18,10820,0
39,21,12169,0
40,21,19626,0
21,2,2070,0
39,9,6782,0
36,18,7779,0
31,3,2791,0
28,6,3201,0
35,5,4968,0
49,22,13120,0
34,5,4033,0
29,8,3291,0
42,16,4272,0
29,10,5056,0
38,7,2844,0
28,3,2703,0
18,0,1904,0
33,6,8224,0
41,6,4766,0
31,2,2610,0
37,9,5731,0
27,4,2539,0
34,6,5714,0
35,6,4323,0
29,11,7336,0
40,20,13499,0
42,22,13758,0
42,9,5155,0
35,10,2258,0
24,6,3597,0
28,1,2515,0
26,8,4420,0
30,10,6578,0
40,16,4422,0
35,15,10274,0
34,14,5343,0
35,2,2376,0
43,7,5346,0
32,1,2827,0
56,28,19943,0
29,10,3131,0
19,1,2552,0
45,7,4477,0
37,14,6474,0
20,2,3033,0
44,6,2936,0
53,26,18606,0
29,6,2168,0
22,1,2853,0
46,28,17048,0
44,6,2290,0
33,5,3600,0
41,5,2107,0
30,8,4115,0
40,5,4327,0
50,32,17856,0
28,6,3196,0
46,25,19081,0
35,15,8966,0
24,1,2210,0
33,10,4539,0
36,7,2741,0
30,10,3491,0
44,20,4541,0
20,2,2678,0
46,12,7379,0
42,10,6272,0
60,12,5220,0
32,2,2743,0
32,10,4998,0
36,17,10252,0
33,15,2781,0
40,7,6852,0
25,5,4950,0
30,12,3579,0
42,20,13191,0
35,16,10377,0
27,9,2235,0
54,33,10502,0
44,10,2011,0
19,1,1859,0
29,3,3760,0
54,36,17779,0
31,6,6833,0
31,10,6812,0
59,13,5171,0
43,25,19740,0
49,23,18711,0
36,12,3692,0
48,7,2559,0
27,5,2517,0
29,6,6623,0
48,25,18265,0
29,9,16124,0
34,2,2585,0
44,26,18213,0
33,10,8380,0
19,1,2994,0
23,1,1223,0
25,1,1118,0
26,8,2875,0
45,26,18824,0
55,34,13577,0
21,2,2625,0
46,26,18789,0
34,4,4538,0
51,31,19847,0
59,25,10512,0
34,15,4444,0
28,5,2154,0
44,26,19190,0
34,14,4490,0
35,4,3506,0
42,18,2372,0
43,23,10231,0
36,18,5410,0
44,10,7978,0
28,2,3867,0
51,8,2838,0
30,10,4695,0
29,10,3339,0
28,5,2080,0
25,2,2096,0
32,10,6209,0
45,22,18061,0
39,21,17123,0
58,2,2372,0
32,10,4883,0
39,6,3904,0
30,10,4627,0
36,10,7094,0
46,10,3423,0
28,10,6674,0
50,25,16880,0
40,9,9094,0
52,10,8446,0
30,9,11916,0
39,9,4534,0
31,10,9852,0
41,19,6151,0
31,3,2302,0
44,10,2362,0
42,21,17861,0
55,23,19187,0
56,36,19717,0
40,6,3544,0
34,10,8500,0
40,9,4661,0
41,10,4103,0
35,9,4249,0
51,33,14026,0
38,11,6893,0
34,10,6125,0
25,7,3669,0
58,31,10008,0
40,7,2387,0
36,17,4639,0
48,11,7898,0
27,5,2534,0
51,29,13142,0
18,0,1611,0
35,10,5363,0
27,8,5071,0
55,24,13695,0
56,33,13402,0
34,5,2029,0
40,15,6377,0
34,10,5429,0
31,3,2785,0
35,5,4614,0
38,4,2610,0
34,14,6687,0
28,5,4724,0
31,10,6179,0
39,8,6120,0
51,14,10596,0
41,12,5467,0
37,8,2996,0
33,8,9998,0
32,4,4078,0
39,13,10920,0
25,6,6232,0
52,24,13247,0
43,20,4081,0
27,6,5769,0
27,8,2394,0
26,5,3904,0
42,21,16799,0
52,12,2950,0
37,8,3629,0
35,10,9362,0
25,7,3229,0
26,8,3578,0
29,10,7988,0
49,20,4284,0
29,9,7553,0
54,29,17328,0
58,32,19701,0
55,31,14732,0
36,15,9278,0
31,1,1359,0
30,8,4779,0
31,9,16422,0
34,10,2996,0
31,1,1261,0
27,6,2099,0
36,10,5810,0
36,11,5647,0
47,17,3420,0
25,6,4400,0
37,7,3500,0
56,5,2066,0
47,26,17169,0
24,5,4162,0
32,7,9204,0
34,7,3294,0
41,7,2127,0
40,11,3975,0
31,13,10793,0
46,28,10096,0
39,11,3646,0
31,10,7446,0
45,24,10851,0
31,8,2109,0
31,7,3722,0
45,10,9380,0
48,15,5486,0
34,2,2742,0
40,16,13757,0
28,6,8463,0
44,7,3162,0
53,35,16598,0
49,20,6651,0
40,8,2345,0
44,6,3420,0
33,5,4373,0
34,15,4759,0
30,4,5301,0
42,12,3673,0
44,11,4768,0
30,1,1274,0
57,13,4900,0
49,29,10466,0
34,16,17007,0
28,5,2909,0
29,7,5765,0
34,16,4599,0
35,1,2404,0
24,4,3172,0
24,1,2033,0
44,16,10209,0
29,10,8620,0
30,6,2064,0
55,4,4035,0
33,8,3838,0
47,11,4591,0
28,8,2561,0
28,1,1563,0
28,5,4898,0
49,10,4789,0
29,4,3180,0
28,8,6549,0
33,14,6388,0
32,10,11244,0
54,26,16032,0
29,11,2362,0
44,24,16328,0
39,9,8376,0
46,23,16606,0
35,11,8606,0
23,5,2272,0
40,15,2018,0
34,10,7083,0
31,7,4084,0
50,32,14411,0
34,12,2308,0
42,4,4841,0
37,10,4285,0
29,9,9715,0
33,5,4320,0
45,8,2132,0
42,24,10124,0
40,9,5473,0
33,15,5207,0
40,21,16437,0
24,2,2296,0
40,8,4069,0
45,10,7441,0
35,6,2430,0
32,12,5878,0
36,7,2644,0
48,18,6439,0
29,5,2451,0
33,8,6392,0
30,10,9714,0
38,10,6077,0
35,3,2450,0
30,9,9250,0
35,1,2074,0
53,34,10169,0
38,7,4855,0
32,9,4087,0
48,10,2367,0
34,1,2972,0
55,36,19586,0
34,9,5484,0
26,1,2061,0
38,10,9924,0
38,8,4198,0
36,15,6815,0
29,10,4723,0
35,10,6142,0
39,11,8237,0
29,6,8853,0
50,27,19331,0
23,4,2073,0
36,9,5562,0
42,24,19613,0
35,10,3407,0
34,8,5063,0
40,5,4639,0
43,8,4876,0
35,1,2690,0
46,27,17567,0
28,1,2408,0
22,4,2814,0
50,32,11245,0
32,6,3312,0
44,23,19049,0
30,6,2141,0
45,10,5769,0
45,10,4385,0
31,10,5332,0
36,7,4663,0
34,9,4724,0
49,10,3211,0
39,10,5377,0
27,7,4066,0
35,16,5208,0
28,6,4877,0
21,3,3117,0
18,0,1569,0
47,27,19658,0
39,11,3069,0
40,18,10435,0
35,15,4148,0
37,9,5768,0
39,10,5042,0
45,10,5770,0
38,10,7756,0
35,15,10306,0
37,8,3936,0
40,18,7945,0
44,14,5743,0
48,23,15202,0
35,7,5440,0
24,6,3760,0
27,5,3517,0
27,6,2580,0
40,10,2166,0
29,8,5869,0
36,9,8008,0
25,7,5206,0
39,7,5295,0
49,27,16413,0
50,19,13269,0
20,2,2783,0
34,11,5433,0
36,15,2013,0
49,30,13966,0
36,4,4374,0
36,13,6842,0
54,36,17426,0
43,14,17603,0
35,13,4581,0
38,19,4735,0
29,10,4187,0
33,6,5505,0
32,10,5470,0
31,10,5476,0
49,17,2587,0
38,4,2440,0
47,29,15972,0
49,23,15379,0
41,21,7082,0
20,2,2728,0
33,7,5368,0
36,10,5347,0
44,8,3195,0
23,5,3989,0
38,7,3306,0
53,11,7005,0
48,19,2655,0
32,1,1393,0
26,7,2570,0
55,8,3537,0
34,15,3986,0
60,19,10883,0
33,14,2028,0
37,6,9525,0
34,10,2929,0
23,3,2275,0
44,9,7879,0
35,6,4930,0
43,10,7847,0
24,5,4401,0
41,10,9241,0
29,9,2974,0
36,17,4502,0
45,25,10748,0
24,1,1555,0
47,25,12936,0
26,3,2305,0
45,21,16704,0
32,10,3433,0
31,6,3477,0
41,10,6430,0
40,18,6516,0
24,6,3907,0
46,19,5562,0
35,17,6883,0
30,10,2862,0
47,4,4978,0
46,13,10368,0
36,16,6134,0
32,10,6735,0
23,3,3295,0
31,9,5238,0
39,9,6472,0
32,10,9610,0
40,21,19833,0
45,9,9756,0
30,10,4968,0
24,3,2145,0
30,6,2180,0
31,6,8346,0
27,6,3445,0
29,2,2760,0
29,10,6294,0
30,12,7140,0
34,6,2932,0
33,13,5147,0
49,8,4507,0
33,11,8564,0
38,9,2468,0
31,10,8161,0
29,1,2109,0
30,10,5294,0
32,12,2718,0
38,15,5811,0
43,6,2437,0
42,7,2766,0
55,34,19038,0
33,11,3055,0
41,5,2289,0
34,15,4001,0
53,27,12965,0
43,10,3539,0
34,6,6029,0
21,1,2679,0
38,5,3702,0
22,1,2398,0
31,13,5468,0
51,15,13116,0
37,5,4189,0
46,24,19328,0
36,15,8321,0
44,6,2342,0
37,19,4071,0
35,10,5813,0
33,14,3143,0
28,5,2044,0
39,9,13464,0
46,6,7991,0
40,7,3377,0
42,10,5538,0
35,15,5762,0
38,13,2592,0
34,11,5346,0
37,10,4213,0
39,7,4127,0
43,7,2438,0
41,11,6870,0
41,23,10447,0
30,9,9667,0
26,6,2148,0
46,13,8926,0
40,12,6513,0
34,10,6799,0
58,37,16291,0
35,6,2705,0
47,28,10333,0
40,15,4448,0
54,14,6854,0
31,9,9637,0
28,3,3591,0
38,20,5405,0
26,5,4684,0
58,23,15787,0
18,0,1514,0
31,2,2956,0
29,4,2335,0
45,10,5154,0
36,15,6962,0
43,7,5675,0
27,6,2379,0
29,11,3812,0
32,4,4648,0
42,10,2936,0
47,7,2105,0
46,12,8578,0
28,3,2706,0
29,11,6384,0
42,8,3968,0
32,7,9907,0
46,25,13225,0
27,9,3540,0
29,1,2804,0
43,21,19392,0
48,29,19665,0
29,1,2439,0
46,14,7314,0
27,8,4774,0
39,7,3902,0
55,19,2662,0
28,1,2856,0
30,1,1081,0
22,1,2472,0
36,10,5673,0
31,10,4197,0
34,9,9713,0
29,11,2062,0
37,16,4284,0
35,4,4788,0
45,10,5906,0
36,10,3886,0
40,22,16823,0
26,1,2933,0
27,9,6500,0
48,24,17174,0
44,10,5033,0
34,5,2307,0
56,5,2587,0
36,12,5507,0
41,14,4393,0
42,18,13348,0
31,8,6583,0
34,9,8103,0
31,4,3978,0
26,8,2544,0
45,12,5399,0
33,10,5487,0
28,7,6834,0
29,1,1091,0
39,10,5736,0
27,6,2226,0
34,16,5747,0
28,6,9854,0
47,16,5467,0
56,6,5380,0
39,10,5151,0
38,20,2133,0
58,29,17875,0
32,8,2432,0
38,10,4771,0
49,28,19161,0
42,14,5087,0
27,1,2863,0
35,6,5561,0
28,5,2144,0
31,4,3065,0
36,5,2810,0
34,14,9888,0
34,9,8628,0
26,8,2867,0
29,6,5373,0
32,9,6667,0
31,10,5003,0
28,6,2367,0
38,20,2858,0
35,10,5204,0
27,7,4105,0
32,8,9679,0
31,10,5617,0
53,15,10448,0
54,9,2897,0
33,9,5968,0
43,10,7510,0
38,7,2991,0
55,35,19636,0
31,1,1129,0
39,21,13341,0
42,20,4332,0
31,13,11031,0
54,9,4440,0
24,4,4617,0
23,5,2647,0
40,10,6323,0
40,15,5677,0
25,6,2187,0
30,12,3748,0
25,7,3977,0
47,25,8633,0
33,1,2008,0
38,16,4440,0
31,3,3067,0
38,10,5321,0
42,9,5410,0
41,12,2782,0
47,14,11957,0
35,5,2660,0
22,4,3375,0
35,10,5098,0
33,10,4878,0
32,6,2837,0
40,8,2406,0
32,3,2269,0
39,18,4108,0
38,20,13206,0
32,14,10422,0
37,16,13744,0
25,6,4907,0
52,16,3482,0
44,6,2436,0
21,2,2380,0
39,21,19431,0
23,1,1790,0
36,10,7644,0
36,18,5131,0
56,13,6306,0
29,4,4787,0
42,24,18880,0
56,14,2339,0
41,21,13570,0
34,8,6712,0
36,15,5406,0
41,14,8938,0
32,4,2439,0
35,9,8837,0
38,10,5343,0
50,12,6728,0
36,8,6652,0
45,8,4850,0
40,8,2809,0
35,10,5689,0
40,20,2001,0
35,4,2977,0
29,10,4025,0
29,5,3785,0
50,20,10854,0
39,21,12031,0
31,10,9936,0
26,5,2966,0
36,17,2571,0
39,9,9991,0
27,6,6142,0
49,17,5390,0
34,6,4404,0
