Age,TotalWorkingYears,MonthlyIncome
0.4463504035345031,-0.42164245835933756,-0.10834951351067117
1.3223652142096962,-0.16451140099023315,-0.29171858995657424
0.008342998196906572,-0.5502079870438897,-0.9376536912260358
-0.42966440714069,-0.42164245835933756,-0.7636336754564013
-1.0866755151470848,-0.678773515728442,-0.6448581091374443
-0.5391662584750891,-0.42164245835933756,-0.7298495698307945
2.4173837275536876,0.09261965637887129,-0.814416073220678
-0.7581699611438873,-1.3216011591512031,-0.8095290642308104
0.11784484953130571,-0.16451140099023315,0.6423375630633446
-0.10115885313749257,0.7354472998016324,-0.2689833742211031
-0.2106607044718917,-0.678773515728442,-0.8662608642436216
-0.8676718124782865,-0.16451140099023315,-0.4908110866307471
-0.6486681098094882,-0.8073390444129942,-0.7632087181529345
-0.3201625558062908,-1.0644701017820986,-0.8163283810862784
-0.9771736638126857,-0.678773515728442,-0.9508273676335051
-0.8676718124782865,-0.16451140099023315,0.738802870950297
-0.5391662584750891,-0.5502079870438897,-0.6809794799321182
-1.6341847718190805,-1.3216011591512031,-0.7581092305113335
1.7603726195472926,2.535364701385363,1.8961740869419934
0.11784484953130571,-0.678773515728442,-0.5437182709123576
-1.4151810691502822,-0.8073390444129942,-0.5294822012462215
-0.10115885313749257,-0.16451140099023315,-0.6578193068931802
-0.3201625558062908,0.2211851850634235,1.1667348755413154
-1.7436866231534796,-1.4501666878357553,-1.119960374413272
-0.3201625558062908,-0.42164245835933756,-0.7527972642179991
1.7603726195472926,1.8925370579626022,2.6753333028482813
-0.5391662584750891,-0.16451140099023315,-0.549030237205692
0.5558522548689022,-0.16451140099023315,0.06843272473149725
0.7748559575377005,1.6354060005934978,0.7957471496148416
0.9938596602064987,1.3782749432243935,2.644098941043475
-0.42966440714069,-0.5502079870438897,-0.8513873586222853
0.7748559575377005,-0.2930769296747854,-0.008059589892517928
-0.7581699611438873,-0.16451140099023315,-0.9130061676249642
0.22734670086570485,0.9925783571707368,-0.9385036058329693
-1.4151810691502822,-0.678773515728442,-0.8945205249241606
0.6653541062033014,-0.678773515728442,-0.8197280395140124
1.4318670655440953,-1.0644701017820986,-0.8116538507481441
-0.2106607044718917,-1.193035630466651,-0.9538020687577723
-0.10115885313749257,-0.678773515728442,-0.6552695630723797
-0.42966440714069,-0.16451140099023315,-0.23944884163016386
-0.2106607044718917,-1.3216011591512031,-0.967188223816975
-1.0866755151470848,-1.3216011591512031,-0.8843215496409585
-1.1961773664814839,-1.3216011591512031,-0.8945205249241606
-1.0866755151470848,-0.2930769296747854,0.4723546416766441
-0.7581699611438873,0.09261965637887129,-0.5294822012462215
0.4463504035345031,1.5068404719089457,2.7711611747800338
-0.3201625558062908,-0.16451140099023315,-0.41113159223073126
0.008342998196906572,-0.42164245835933756,-0.7396235878105298
0.9938596602064987,0.34975071374797573,-0.15530729554374717
-0.2106607044718917,-1.3216011591512031,-0.8996200125657616
1.2128633628752972,1.5068404719089457,-0.23838644837149697
-0.9771736638126857,-1.193035630466651,-0.6505950327342455
0.7748559575377005,-0.2930769296747854,-0.22287550679496057
-0.2106607044718917,-0.16451140099023315,0.7184049203838929
-1.1961773664814839,-0.8073390444129942,-0.4984603180931486
-0.42966440714069,0.4783162424325279,1.477803621678977
-0.2106607044718917,-0.2930769296747854,0.5452348192211919
-0.2106607044718917,-0.9359045730975464,-0.5288447652910213
-0.6486681098094882,-0.16451140099023315,-0.12492284834587446
0.008342998196906572,-0.5502079870438897,-0.10834951351067117
-0.5391662584750891,-0.2930769296747854,-0.0724406213677307
0.11784484953130571,-0.16451140099023315,-0.8705104372782891
1.4318670655440953,2.2782336440162587,2.6001158601346663
2.4173837275536876,2.1496681153317065,0.24096538993899816
-0.10115885313749257,0.7354472998016324,0.7634503945513685
1.979376322216091,1.2497094145398413,1.7536009116288984
-0.10115885313749257,-0.678773515728442,-0.0008353157335831605
0.8843578088720997,1.76397152927805,0.6844083361065528
-0.2106607044718917,-0.8073390444129942,-0.9155559114457648
-0.10115885313749257,-1.193035630466651,-0.6618564012761143
2.4173837275536876,1.121143885855289,-0.21883841241202642
-0.8676718124782865,-0.678773515728442,-0.8074042777134766
-0.6486681098094882,-1.3216011591512031,-0.8503249653636185
-0.5391662584750891,-0.16451140099023315,-0.06011685956719493
-0.10115885313749257,-0.8073390444129942,-0.7362239293827958
-0.6486681098094882,-0.03594587230568093,-0.44172851808033736
-0.2106607044718917,0.6068817711170802,-0.4655261270744754
0.8843578088720997,0.7354472998016324,1.432545668859768
0.008342998196906572,0.6068817711170802,1.5215742239360524
0.9938596602064987,0.6068817711170802,-0.31487876299551215
-0.7581699611438873,-0.16451140099023315,-0.29256850456350775
-0.2106607044718917,-0.678773515728442,-0.77425760804307
1.979376322216091,1.6354060005934978,0.7938348417492412
0.11784484953130571,0.7354472998016324,-0.2494353382616325
-0.3201625558062908,-0.8073390444129942,-0.4627639046019415
2.08887817355049,3.3067578734926766,0.16086093823551562
-1.5246829204846812,-1.0644701017820986,-0.8883586440238926
1.5413689168784945,-0.16451140099023315,-0.9408408710020364
-0.7581699611438873,-0.03594587230568093,-0.4995227113518155
0.9938596602064987,-0.2930769296747854,0.6620980776745484
0.33684855220010396,1.3782749432243935,1.487365161006979
1.5413689168784945,-0.03594587230568093,-0.22563772926749445
-0.7581699611438873,-0.03594587230568093,-0.2749327764696376
0.9938596602064987,1.2497094145398413,0.8860505766015262
-0.5391662584750891,0.09261965637887129,-0.3172160281645793
1.869874470881692,0.6068817711170802,1.4971391789867141
-1.4151810691502822,-0.9359045730975464,-0.3195532933336464
-0.9771736638126857,-0.8073390444129942,-0.48486168438221255
2.3078818762192883,3.4353234021772288,1.5657697834965945
0.7748559575377005,0.7354472998016324,-0.9478526665092378
0.008342998196906572,-0.5502079870438897,-0.9412658283055032
-0.5391662584750891,-1.3216011591512031,-0.7536471788249326
-1.8531884744878788,-1.3216011591512031,-0.7600215383769339
-0.3201625558062908,0.6068817711170802,-0.35992423716298777
0.008342998196906572,0.7354472998016324,-0.28470679444937286
2.4173837275536876,2.406799172700811,2.6222136399149374
1.4318670655440953,2.1496681153317065,2.4794279859501094
-1.3056792178158831,-0.678773515728442,-0.16125669779228166
-1.3056792178158831,-1.193035630466651,-0.7678832484910688
-1.6341847718190805,-1.3216011591512031,-0.7717078642222696
1.5413689168784945,1.5068404719089457,0.2084561562237917
-0.3201625558062908,-0.2930769296747854,-0.09113874272026776
1.869874470881692,1.5068404719089457,2.3000960038871403
-1.4151810691502822,-0.678773515728442,-0.7923182934404069
-0.3201625558062908,0.09261965637887129,-0.4245177472899339
0.008342998196906572,0.09261965637887129,0.1965573517267227
-0.3201625558062908,0.34975071374797573,1.0896051249621
-0.10115885313749257,-0.16451140099023315,0.6873830372308202
-0.10115885313749257,-0.5502079870438897,-0.779357095684671
0.6653541062033014,1.76397152927805,2.2216913813975245
-0.7581699611438873,-0.16451140099023315,-0.8265273563694804
-0.42966440714069,-0.42164245835933756,-0.07584027979546472
2.08887817355049,-0.5502079870438897,-0.32720252479604794
1.5413689168784945,1.5068404719089457,2.769461345566167
-0.6486681098094882,0.09261965637887129,-0.07031583485039695
-1.1961773664814839,-0.8073390444129942,-0.8785846260441574
2.3078818762192883,3.692454459546333,0.8093457833257777
-1.9626903258222779,-1.4501666878357553,-1.0258323316953866
-1.6341847718190805,-1.0644701017820986,-0.8456504350254842
1.3223652142096962,0.6068817711170802,0.013613232584286374
0.6653541062033014,0.8640128284861845,-0.37479774278432404
1.4318670655440953,0.6068817711170802,0.5747693518121311
-0.6486681098094882,-0.9359045730975464,-0.41304390009633163
0.4463504035345031,0.09261965637887129,0.35825360569582143
-1.1961773664814839,-0.42164245835933756,-0.7566218799491998
-0.10115885313749257,-0.5502079870438897,-0.3318770551341822
1.5413689168784945,0.8640128284861845,0.8811635676116586
0.22734670086570485,0.7354472998016324,-0.12768507081840835
-1.3056792178158831,-0.678773515728442,0.45386899897584043
-0.7581699611438873,0.09261965637887129,-0.03313207079705624
-0.5391662584750891,-0.16451140099023315,-0.48932373606861346
0.8843578088720997,-0.2930769296747854,-0.6482577675651784
0.11784484953130571,0.9925783571707368,-0.4644637338158085
-0.7581699611438873,-0.8073390444129942,-0.8224902619865463
-0.5391662584750891,-0.2930769296747854,-0.3898837270573937
-0.7581699611438873,-0.42164245835933756,-0.7009524731950555
-0.7581699611438873,-0.678773515728442,-0.8037921406340092
0.4463504035345031,1.2497094145398413,2.268861642082334
0.4463504035345031,-0.5502079870438897,-0.9062068507694963
-1.9626903258222779,-1.3216011591512031,-1.0666282328281946
0.33684855220010396,1.121143885855289,-0.19079123038322088
-0.2106607044718917,-0.16451140099023315,0.16829769104618375
1.7603726195472926,0.2211851850634235,-0.8917583024516267
0.8843578088720997,1.121143885855289,-0.8828341990788249
-0.5391662584750891,-0.2930769296747854,0.5301488349481223
-0.8676718124782865,-0.16451140099023315,-0.46403877651234177
1.5413689168784945,-0.16451140099023315,-0.07881498091973198
2.3078818762192883,-0.2930769296747854,-0.6707805046489161
0.33684855220010396,0.4783162424325279,0.9247216912170005
-0.3201625558062908,-0.678773515728442,-0.9076942013316298
-1.6341847718190805,-1.193035630466651,-0.8881461653721593
-1.0866755151470848,-0.678773515728442,-0.9516772822404386
-0.9771736638126857,-0.8073390444129942,-0.8052794911961428
2.1983800248848895,0.09261965637887129,0.6238519203625409
-1.0866755151470848,-1.3216011591512031,-0.836513853000949
1.4318670655440953,1.2497094145398413,2.8521155410904497
0.4463504035345031,0.2211851850634235,-0.8609488979502873
-0.7581699611438873,0.09261965637887129,0.6196023473278733
0.11784484953130571,0.09261965637887129,0.4638554956073091
-0.5391662584750891,-0.42164245835933756,-0.7362239293827958
-1.0866755151470848,-0.678773515728442,-0.7319743563481284
-1.9626903258222779,-1.3216011591512031,-0.8877212080686926
-0.10115885313749257,0.2211851850634235,-0.9380786485295025
-0.7581699611438873,0.09261965637887129,-0.728999655223861
0.8843578088720997,-0.2930769296747854,-0.3180659427715128
2.08887817355049,0.9925783571707368,-0.47721245291981107
-0.42966440714069,-0.9359045730975464,-0.8505374440153518
-1.9626903258222779,-1.3216011591512031,-1.1475825991386108
0.9938596602064987,1.6354060005934978,0.8393052732201837
0.11784484953130571,-1.193035630466651,-0.8955829181828274
-0.6486681098094882,-0.5502079870438897,-0.5469054506883583
-0.3201625558062908,-0.2930769296747854,-0.8906959091929598
0.4463504035345031,-0.9359045730975464,-0.7145511069059916
1.4318670655440953,-0.8073390444129942,-0.597687848452635
1.7603726195472926,-0.8073390444129942,-0.4362040731352696
-0.42966440714069,-0.42164245835933756,-0.7961429091716077
0.33684855220010396,1.2497094145398413,2.6623721050925453
1.979376322216091,3.1781923448081244,2.596291244403466
-0.3201625558062908,-0.16451140099023315,0.6467996147497455
1.5413689168784945,1.2497094145398413,1.5364477295573886
1.6508707682128936,2.9210612874390196,2.8676264826669864
-1.0866755151470848,-0.5502079870438897,-0.8974952260484278
-0.2106607044718917,-0.42164245835933756,-0.12471036969414108
0.6653541062033014,-0.5502079870438897,-0.9378661698777692
0.8843578088720997,1.3782749432243935,2.186207446558051
0.008342998196906572,-0.42164245835933756,-0.6244601585710403
-0.2106607044718917,-0.16451140099023315,-0.44151603942860396
0.5558522548689022,-0.03594587230568093,-0.26303397197256856
0.11784484953130571,0.34975071374797573,0.010638531460019118
0.11784484953130571,-0.2930769296747854,-0.05140523484612653
-1.0866755151470848,-0.678773515728442,-0.46850082819874267
1.3223652142096962,-0.5502079870438897,0.06397067304509638
-0.3201625558062908,-0.8073390444129942,-0.571128016985963
0.33684855220010396,0.4783162424325279,-0.7993300889476084
0.11784484953130571,0.7354472998016324,0.03613596966802418
-0.8676718124782865,-0.16451140099023315,0.24139034724246491
-1.6341847718190805,-0.9359045730975464,-0.8870837721134924
-0.10115885313749257,-0.42164245835933756,-0.9242675361668331
0.33684855220010396,-0.8073390444129942,-0.3456881674968516
0.9938596602064987,0.7354472998016324,0.6147153383380057
-0.5391662584750891,0.34975071374797573,0.8280439046783147
-0.7581699611438873,0.09261965637887129,0.4188100214398335
-1.0866755151470848,-0.5502079870438897,0.7390153496020304
1.5413689168784945,0.6068817711170802,1.2721242868010696
-0.7581699611438873,-0.42164245835933756,-0.8171782956932119
0.4463504035345031,0.6068817711170802,1.506063282359516
-0.7581699611438873,-0.2930769296747854,0.04102297865789181
-0.8676718124782865,-0.5502079870438897,-0.9444530080815038
0.8843578088720997,1.5068404719089457,0.5018891742675833
1.869874470881692,0.6068817711170802,-0.11961088205254007
-0.10115885313749257,0.6068817711170802,-0.12513532699760785
-0.42966440714069,-0.5502079870438897,-0.82461504850388
0.008342998196906572,-0.16451140099023315,1.20731829802239
0.11784484953130571,0.7354472998016324,0.8724519428905902
-0.6486681098094882,-0.678773515728442,-0.458514331567274
2.4173837275536876,-0.5502079870438897,-0.9191680485252322
0.008342998196906572,0.2211851850634235,-0.7882811990574728
-0.8676718124782865,-0.03594587230568093,0.30067189107607667
-0.2106607044718917,-0.16451140099023315,0.48574079673584675
-0.8676718124782865,-0.9359045730975464,-0.8741225743577565
1.6508707682128936,-0.678773515728442,-0.6992526439811885
0.5558522548689022,1.3782749432243935,2.7046553567874874
2.4173837275536876,-0.5502079870438897,-0.9000449698692283
1.4318670655440953,2.6639302300699153,2.765211772531499
-0.42966440714069,-0.42164245835933756,-0.8641360777262879
0.6653541062033014,1.3782749432243935,2.0315229880961536
-0.42966440714069,0.2211851850634235,-0.806554363106543
1.6508707682128936,2.7924957587544674,2.6698088579032135
-0.5391662584750891,-0.678773515728442,-0.5464804933848915
-0.5391662584750891,-0.9359045730975464,-0.5891887023832999
0.22734670086570485,-0.5502079870438897,-0.9074817226798965
-0.5391662584750891,-0.9359045730975464,-0.43301689335926896
0.4463504035345031,0.7354472998016324,-0.728999655223861
0.33684855220010396,-0.2930769296747854,-0.6765174282457173
0.8843578088720997,1.76397152927805,2.6982809972354858
-0.6486681098094882,-0.2930769296747854,1.5239114891051195
-0.42966440714069,-1.193035630466651,-0.7632087181529345
-0.3201625558062908,0.2211851850634235,-0.11599874497307269
0.008342998196906572,0.7354472998016324,-0.5488177585539586
0.8843578088720997,-0.2930769296747854,-0.014646428096252568
0.008342998196906572,0.7354472998016324,0.7532514192681665
0.22734670086570485,1.121143885855289,0.9423574193108707
-0.8676718124782865,-0.678773515728442,-0.8845340282926919
0.5558522548689022,-0.16451140099023315,0.008938702246152112
-0.8676718124782865,-0.16451140099023315,0.09095546181523506
-1.3056792178158831,-0.8073390444129942,-0.34101363715871735
0.5558522548689022,-0.16451140099023315,-0.8307769294041479
0.33684855220010396,1.3782749432243935,2.7480010017410956
1.5413689168784945,-1.3216011591512031,-0.8031547046788091
-0.6486681098094882,-0.678773515728442,-0.6425208439683772
-0.5391662584750891,-0.8073390444129942,-0.7880687204057394
0.11784484953130571,0.2211851850634235,-0.26643363040030255
-0.5391662584750891,-0.2930769296747854,-0.9193805271769655
0.9938596602064987,2.1496681153317065,2.203205738696721
-0.9771736638126857,-0.8073390444129942,-0.641245972057977
-0.8676718124782865,-0.16451140099023315,0.02997408876775629
-0.6486681098094882,-0.16451140099023315,-0.1956782393730885
-1.3056792178158831,-0.678773515728442,-0.5318194664152885
0.8843578088720997,1.2497094145398413,1.4858778104448453
-0.10115885313749257,0.6068817711170802,-0.6996776012846552
1.979376322216091,3.3067578734926766,2.664921848913346
1.103361511540898,-0.16451140099023315,1.1359254710399758
-0.9771736638126857,-0.8073390444129942,-0.9419032642607033
0.008342998196906572,-0.5502079870438897,-0.00019787977838303393
-1.7436866231534796,-1.0644701017820986,-0.6954280282499877
0.008342998196906572,0.4783162424325279,1.5086130261803166
-0.2106607044718917,-0.16451140099023315,1.167159832844782
0.11784484953130571,-0.42164245835933756,-0.19079123038322088
-1.1961773664814839,-0.678773515728442,-0.02250813821038746
1.4318670655440953,2.1496681153317065,2.6859572354349504
1.7603726195472926,1.2497094145398413,2.3544905387308845
0.5558522548689022,1.121143885855289,-0.339101329293117
-0.8676718124782865,-0.16451140099023315,-0.41410629335499854
1.979376322216091,0.09261965637887129,-0.23116217421256222
-1.1961773664814839,-0.8073390444129942,-0.3743727854808573
0.008342998196906572,0.7354472998016324,-0.9323417249327014
0.7748559575377005,0.9925783571707368,-0.7100890552195906
0.11784484953130571,-0.16451140099023315,-0.16104421914054828
-1.1961773664814839,-0.8073390444129942,-0.8775222327854906
-0.9771736638126857,-0.8073390444129942,-0.6784297361113176
1.3223652142096962,1.3782749432243935,2.584179961254663
-0.10115885313749257,-0.16451140099023315,-0.42876732032460146
-0.6486681098094882,-1.193035630466651,-0.7891311136644064
-1.1961773664814839,-0.42164245835933756,-0.14340849104667813
0.008342998196906572,-0.9359045730975464,-0.8875087294169591
0.5558522548689022,1.5068404719089457,1.4920396913451133
-2.072192177156677,-1.4501666878357553,-1.0800143878873973
-0.2106607044718917,0.09261965637887129,0.32234471355288097
-0.10115885313749257,-0.9359045730975464,-0.5981128057561017
1.5413689168784945,0.2211851850634235,-0.21692610454642605
0.4463504035345031,1.3782749432243935,2.0211115341612182
-2.072192177156677,-1.4501666878357553,-1.12675969126874
-0.9771736638126857,-0.2930769296747854,-0.17889242588615184
-0.6486681098094882,-0.16451140099023315,0.0905305045117683
0.22734670086570485,0.9925783571707368,0.6608232057641482
-0.10115885313749257,-0.03594587230568093,-0.17613020341361796
-0.5391662584750891,0.2211851850634235,-0.2165011472429593
0.11784484953130571,0.9925783571707368,1.1809709452074515
2.3078818762192883,0.09261965637887129,-0.17910490453788522
-0.6486681098094882,-0.678773515728442,-0.3573744933421873
-0.6486681098094882,-0.2930769296747854,-0.01974591573785358
0.8843578088720997,1.6354060005934978,-0.2747202978179042
-0.6486681098094882,-1.0644701017820986,-0.8091041069273436
-0.42966440714069,0.09261965637887129,1.1420873519402437
0.22734670086570485,1.2497094145398413,2.2448515544364627
0.6653541062033014,-0.2930769296747854,-0.8600989833433538
1.3223652142096962,1.76397152927805,1.585317819456065
1.6508707682128936,-0.03594587230568093,-0.3318770551341822
-1.0866755151470848,-0.9359045730975464,-0.8552119743534861
-0.5391662584750891,0.2211851850634235,-0.27089568208670345
-1.0866755151470848,-0.8073390444129942,-0.4302546708867351
-0.6486681098094882,0.2211851850634235,0.22184231128299436
-0.5391662584750891,-0.16451140099023315,-0.3076544888365774
-0.9771736638126857,-0.8073390444129942,-0.6457080237443779
-0.7581699611438873,-0.03594587230568093,-0.15466985958854704
-0.6486681098094882,-0.16451140099023315,0.5184625091027866
0.22734670086570485,1.2497094145398413,2.7131545028568222
0.22734670086570485,0.09261965637887129,-0.26877089556936967
-0.42966440714069,-0.2930769296747854,-0.3869090259331265
1.103361511540898,1.2497094145398413,2.5066252533719813
0.6653541062033014,-0.2930769296747854,-0.2647338011864355
-1.0866755151470848,-0.678773515728442,-0.032707113493589485
1.869874470881692,1.121143885855289,-0.3471755180589852
0.6653541062033014,-0.16451140099023315,0.7398652642089639
0.8843578088720997,0.09261965637887129,-0.5962004978905013
0.33684855220010396,-0.678773515728442,0.20271923262699057
-0.8676718124782865,-0.5502079870438897,-0.9314918103257679
-0.8676718124782865,-0.9359045730975464,-0.5354316034947559
-0.7581699611438873,-0.16451140099023315,-0.08178968204399924
-1.0866755151470848,-0.42164245835933756,-0.061391731477595184
0.008342998196906572,-0.42164245835933756,-0.03313207079705624
0.11784484953130571,0.09261965637887129,1.0638952081023616
-0.6486681098094882,-0.03594587230568093,0.13600093598271068
-0.8676718124782865,-0.5502079870438897,0.3750394191827581
-0.2106607044718917,0.7354472998016324,0.33828061243288415
-1.5246829204846812,-0.9359045730975464,-0.7646960687150681
0.4463504035345031,-0.42164245835933756,-0.10006284609306952
1.103361511540898,-0.8073390444129942,-0.749397605790265
0.5558522548689022,0.6068817711170802,2.0162245251713506
-0.8676718124782865,-0.9359045730975464,-0.39392082144032786
0.5558522548689022,-0.9359045730975464,-0.8088916282756102
-0.5391662584750891,-0.42164245835933756,-0.8781596687406906
1.2128633628752972,0.4783162424325279,1.2750989879253367
0.008342998196906572,0.2211851850634235,-0.1123866078936053
-0.7581699611438873,-0.9359045730975464,-0.3754351787395242
-1.1961773664814839,-0.42164245835933756,-0.2564471337688339
0.5558522548689022,0.34975071374797573,0.05908366405522873
-1.7436866231534796,-1.0644701017820986,-0.9198054844804322
-0.10115885313749257,-0.5502079870438897,0.03188639663335667
-0.10115885313749257,0.6068817711170802,0.6790963698132185
2.1983800248848895,0.4783162424325279,0.05355921911016097
0.33684855220010396,-0.16451140099023315,-0.9115188170628306
-1.7436866231534796,-1.0644701017820986,-0.8271647923246805
-0.42966440714069,-1.3216011591512031,-0.775957437256937
0.008342998196906572,0.7354472998016324,-0.6482577675651784
0.9938596602064987,-0.5502079870438897,-0.2645213225347022
0.4463504035345031,-0.42164245835933756,0.6060037136169373
1.4318670655440953,1.121143885855289,0.8484418552447187
0.33684855220010396,-0.42164245835933756,-0.026120275289854847
-0.6486681098094882,-1.0644701017820986,-0.8171782956932119
-1.7436866231534796,-1.3216011591512031,-0.8046420552409427
-0.8676718124782865,-0.678773515728442,-0.9140685608836311
-0.2106607044718917,-0.16451140099023315,0.007876308987485236
-1.0866755151470848,-0.8073390444129942,-0.5709155383342297
-0.9771736638126857,-0.5502079870438897,-0.26558371579336904
1.3223652142096962,1.8925370579626022,0.9480943429076719
1.5413689168784945,0.8640128284861845,-0.3329394483928491
-0.10115885313749257,-0.678773515728442,-0.8414008619908167
-0.3201625558062908,-0.2930769296747854,-0.2547473045549669
1.979376322216091,2.406799172700811,2.157947785877512
-1.4151810691502822,-0.8073390444129942,-0.4765750169646109
-0.7581699611438873,-1.3216011591512031,-0.8556369316569529
-1.1961773664814839,-0.5502079870438897,-0.7226252956718597
-1.6341847718190805,-1.193035630466651,-0.9049319788590959
-0.10115885313749257,-0.16451140099023315,0.2322537652179298
-0.7581699611438873,-1.0644701017820986,-0.8962203541380276
0.008342998196906572,0.8640128284861845,-0.7370738439897293
0.33684855220010396,-0.42164245835933756,-0.16741857869254956
0.5558522548689022,-0.42164245835933756,-0.8343890664836153
0.008342998196906572,0.8640128284861845,-0.48996117202381356
0.6653541062033014,1.76397152927805,1.6643598779008808
0.33684855220010396,1.121143885855289,-0.6491076821721119
1.869874470881692,1.6354060005934978,2.7416266421890945
-0.3201625558062908,-0.678773515728442,0.007451351684018484
-0.6486681098094882,0.2211851850634235,-0.46680099898487565
0.6653541062033014,-0.42164245835933756,-0.9019572777348287
0.6653541062033014,-0.42164245835933756,-0.4209056102104666
-1.3056792178158831,-0.8073390444129942,-0.4283423630211347
0.008342998196906572,0.4783162424325279,-0.43641655178700295
-0.6486681098094882,-0.9359045730975464,-0.9104564238041637
0.22734670086570485,1.2497094145398413,2.697218603976819
2.08887817355049,3.1781923448081244,1.4255338733525666
-0.7581699611438873,-0.678773515728442,0.015738019101620128
0.4463504035345031,-0.16451140099023315,0.4013867719976967
-0.9771736638126857,-0.16451140099023315,-0.41325637874806503
-1.3056792178158831,-0.678773515728442,-0.5252326282115539
1.6508707682128936,2.1496681153317065,0.31150830231447885
0.8843578088720997,-0.42164245835933756,-0.817815731648412
1.6508707682128936,2.535364701385363,2.135850006097241
0.5558522548689022,0.9925783571707368,-0.4136813360515318
-0.7581699611438873,-0.03594587230568093,-0.08752660564080036
2.526885578888087,2.7924957587544674,2.7756232264664344
0.9938596602064987,0.9925783571707368,-0.3597117585112544
0.5558522548689022,-0.5502079870438897,-0.42069313155873317
-1.4151810691502822,-0.678773515728442,-0.7013774304985222
-0.3201625558062908,-1.0644701017820986,-0.8821967631236248
0.11784484953130571,-1.3216011591512031,-1.0200954080985856
0.33684855220010396,1.2497094145398413,2.451593282573037
-1.1961773664814839,-1.0644701017820986,-0.7685206844462689
-0.7581699611438873,-0.2930769296747854,-0.9361663406639021
-0.8676718124782865,-0.16451140099023315,1.154198635089046
-0.8676718124782865,-0.678773515728442,-0.8407634260356166
-1.9626903258222779,-1.3216011591512031,-0.8369388103044157
-0.7581699611438873,-0.16451140099023315,0.4056363450323642
2.1983800248848895,2.6639302300699153,1.618039531823005
1.4318670655440953,2.1496681153317065,2.2401770240983283
-0.7581699611438873,0.09261965637887129,-0.8369388103044157
2.526885578888087,1.3782749432243935,0.7995717653460424
1.103361511540898,1.121143885855289,-0.3044673090605768
0.9938596602064987,1.8925370579626022,2.4133471252610295
-0.2106607044718917,-0.678773515728442,-0.4829493765166122
1.869874470881692,0.9925783571707368,-0.5785647697966312
-0.3201625558062908,0.34975071374797573,-0.7935931653508072
0.9938596602064987,0.4783162424325279,0.5456597765246587
-0.6486681098094882,0.2211851850634235,0.8807386103081919
-0.42966440714069,0.4783162424325279,1.5101003767424501
-0.42966440714069,-0.42164245835933756,-0.6576068282414469
-0.7581699611438873,-0.9359045730975464,-0.7479102552281315
-0.2106607044718917,-0.16451140099023315,0.2399029966803313
-0.6486681098094882,0.09261965637887129,0.7056562012798904
-0.3201625558062908,-0.03594587230568093,0.7324285113982957
0.5558522548689022,-0.42164245835933756,-0.9370162552708357
-0.10115885313749257,-0.16451140099023315,0.738802870950297
-1.6341847718190805,-0.9359045730975464,-0.5543422034990264
1.2128633628752972,0.34975071374797573,-0.5209830551768864
1.979376322216091,3.3067578734926766,2.195344028582586
0.4463504035345031,0.6068817711170802,-0.057992073049861176
-0.2106607044718917,0.4783162424325279,-0.37947227312245835
0.33684855220010396,1.3782749432243935,1.430845839645901
0.22734670086570485,-0.42164245835933756,-0.5838767360899656
-0.6486681098094882,-0.16451140099023315,0.016800412360287006
0.5558522548689022,-0.16451140099023315,0.19188282138858842
0.8843578088720997,-0.2930769296747854,-0.3607741517699213
-1.1961773664814839,-0.42164245835933756,-0.7993300889476084
-0.8676718124782865,-0.42164245835933756,-0.4761500596611442
-0.42966440714069,-0.16451140099023315,2.0570204263041587
-0.6486681098094882,-0.16451140099023315,1.0738817047338303
-2.072192177156677,-1.4501666878357553,-0.9826991653935114
0.33684855220010396,1.121143885855289,0.9410825474004705
0.4463504035345031,-0.16451140099023315,0.06545802360722999
-1.1961773664814839,-0.42164245835933756,-0.46680099898487565
-0.2106607044718917,-0.8073390444129942,-0.349300304576319
-0.3201625558062908,-0.16451140099023315,-0.2477355090477655
-1.1961773664814839,-1.3216011591512031,-0.8845340282926919
0.008342998196906572,0.09261965637887129,0.20994350678592535
0.9938596602064987,2.1496681153317065,0.8550286934484534
0.4463504035345031,1.3782749432243935,2.144349152166576
0.008342998196906572,-0.2930769296747854,0.49530233606384866
1.6508707682128936,0.8640128284861845,-0.1967406326317554
-0.5391662584750891,-0.678773515728442,-0.38159705963979207
-1.4151810691502822,-1.0644701017820986,-0.8717853091886894
0.11784484953130571,0.8640128284861845,0.7056562012798904
0.008342998196906572,-0.42164245835933756,-0.011884205623718688
1.3223652142096962,2.535364701385363,2.7620245927554987
-1.4151810691502822,-0.678773515728442,-0.8027297473753423
-1.1961773664814839,-0.678773515728442,-0.049067969677059405
-1.4151810691502822,-1.3216011591512031,-0.9297919811119009
1.4318670655440953,2.6639302300699153,2.4853773881986436
-1.3056792178158831,-0.5502079870438897,-0.9363788193156355
-1.4151810691502822,-0.678773515728442,-0.7685206844462689
-0.7581699611438873,-1.3216011591512031,-0.9497649743748382
-0.3201625558062908,-0.678773515728442,-0.6121363967705045
-0.6486681098094882,-0.2930769296747854,-0.4823119405614121
-0.2106607044718917,-0.2930769296747854,-0.5996001563182354
-0.6486681098094882,0.2211851850634235,-0.2216006348845603
-1.0866755151470848,-0.678773515728442,-0.9170432620078983
0.008342998196906572,0.7354472998016324,0.658485940595081
-1.8531884744878788,-1.3216011591512031,-0.7791446170329377
0.5558522548689022,-0.16451140099023315,-0.5129088664110182
0.6653541062033014,1.2497094145398413,2.151148469022044
0.11784484953130571,-0.42164245835933756,-0.8252524844590802
0.6653541062033014,-0.16451140099023315,-0.17506781015495107
1.2128633628752972,1.2497094145398413,1.890862120648659
0.7748559575377005,-0.16451140099023315,-0.11004934272453817
-0.3201625558062908,-0.42164245835933756,-0.8337516305284152
-1.0866755151470848,-0.8073390444129942,-0.7355864934275956
-1.7436866231534796,-1.0644701017820986,-0.6493201608238452
0.7748559575377005,1.8925370579626022,2.7643618579245657
-1.6341847718190805,-1.0644701017820986,-0.7925307720921403
-0.42966440714069,-0.678773515728442,0.12771426856510903
-0.5391662584750891,-0.678773515728442,-0.038444037090390626
-0.7581699611438873,-1.3216011591512031,-0.9391410417881694
1.7603726195472926,0.8640128284861845,0.39904950682862955
-0.3201625558062908,-0.16451140099023315,-0.8099540215342771
0.8843578088720997,-0.8073390444129942,-0.47105057201954315
-1.1961773664814839,-1.0644701017820986,-0.8167533383897452
0.008342998196906572,-0.16451140099023315,0.6227895271038739
-0.8676718124782865,-0.678773515728442,-0.20014029105948938
-0.2106607044718917,0.7354472998016324,0.03039904607122304
-0.42966440714069,0.4783162424325279,0.2596635112915352
1.869874470881692,0.6068817711170802,0.8970994664916617
-0.10115885313749257,0.2211851850634235,0.49806455853638254
-1.0866755151470848,-0.8073390444129942,-0.9472152305540377
-1.8531884744878788,-1.3216011591512031,-1.1673431137498147
-0.42966440714069,-0.16451140099023315,-0.6703555473454494
-0.2106607044718917,-1.3216011591512031,-1.1095489204783366
-1.5246829204846812,-0.8073390444129942,-0.7827567541124051
-1.3056792178158831,-0.9359045730975464,-0.351000133790186
0.11784484953130571,-0.42164245835933756,-0.5258700641667541
-0.8676718124782865,-0.16451140099023315,-0.8037921406340092
1.2128633628752972,0.09261965637887129,0.34359257872621857
-1.0866755151470848,-0.678773515728442,-0.3943457787437946
0.008342998196906572,-0.9359045730975464,-0.38733398323659324
1.4318670655440953,1.121143885855289,-0.6973403361155881
-0.3201625558062908,-0.2930769296747854,0.4500443832446397
-1.4151810691502822,-0.9359045730975464,-0.4092192843651309
0.22734670086570485,1.121143885855289,-0.4143187720067319
-0.5391662584750891,-0.16451140099023315,-0.23519926859549636
1.4318670655440953,0.8640128284861845,0.06227084383122937
0.11784484953130571,-0.16451140099023315,0.23841564611819765
-1.0866755151470848,-0.2930769296747854,0.1931576932989887
-0.5391662584750891,-0.16451140099023315,0.9893152013439467
1.103361511540898,1.121143885855289,-0.32783996075124805
0.33684855220010396,1.121143885855289,0.8439798035583179
1.7603726195472926,2.6639302300699153,1.7659246734294343
0.4463504035345031,1.5068404719089457,2.68531979947975
2.526885578888087,-0.16451140099023315,-0.23328696072989596
-1.0866755151470848,-0.2930769296747854,0.48659071134278026
0.4463504035345031,1.3782749432243935,2.695518774762952
1.4318670655440953,-0.9359045730975464,-0.5583792978819605
-0.9771736638126857,-0.16451140099023315,-0.9108813811076305
-0.10115885313749257,-0.16451140099023315,1.1070283744042368
0.11784484953130571,-0.16451140099023315,0.2885606079272743
0.7748559575377005,-0.2930769296747854,-0.5938632327214343
1.103361511540898,2.1496681153317065,1.54409696101979
-0.7581699611438873,-0.16451140099023315,-0.2547473045549669
-0.8676718124782865,-1.3216011591512031,-0.8203654754692125
0.5558522548689022,-0.5502079870438897,-0.7955054732164076
0.6653541062033014,-0.5502079870438897,0.06397067304509638
-0.3201625558062908,-0.16451140099023315,-0.07669019440239822
-1.5246829204846812,-0.8073390444129942,-0.8505374440153518
0.22734670086570485,0.09261965637887129,-0.024207967424254465
2.08887817355049,2.406799172700811,0.9774163968468776
0.33684855220010396,-0.8073390444129942,-0.8841090709892252
-1.0866755151470848,-0.2930769296747854,0.06545802360722999
-0.8676718124782865,-1.193035630466651,-0.893670610317227
1.7603726195472926,0.9925783571707368,-0.8611613766020206
-0.2106607044718917,0.6068817711170802,-0.2995803000707091
-0.5391662584750891,-0.16451140099023315,-0.2536849112963
0.11784484953130571,-0.678773515728442,-0.7321868349998617
-0.3201625558062908,-0.5502079870438897,-0.2936308978221746
1.6508707682128936,2.9210612874390196,2.199806080268987
-0.42966440714069,-0.16451140099023315,-0.811016414792944
-1.3056792178158831,-0.678773515728442,-0.06861600563652995
0.8843578088720997,-0.2930769296747854,0.027424344946955784
-1.5246829204846812,-1.193035630466651,-0.6369963990233094
1.103361511540898,-0.42164245835933756,-0.02250813821038746
-0.3201625558062908,-0.678773515728442,-0.04864301237359265
1.979376322216091,1.6354060005934978,2.837879471424314
-0.10115885313749257,-0.16451140099023315,0.2303414573523294
1.6508707682128936,-0.8073390444129942,-0.47699997426807766
-1.1961773664814839,-0.8073390444129942,-0.45447723718433986
-0.8676718124782865,-0.03594587230568093,-0.4606391180846078
-1.1961773664814839,-0.678773515728442,-0.25007277421683266
-0.3201625558062908,-0.16451140099023315,-0.6848040956633189
1.869874470881692,-0.2930769296747854,-0.21628866859122592
-1.0866755151470848,-0.8073390444129942,-0.45915176752247416
0.008342998196906572,-0.678773515728442,-0.7906184642265399
0.11784484953130571,0.7354472998016324,-0.11111173598320505
-0.3201625558062908,-0.678773515728442,-0.4508651001048725
-0.2106607044718917,-1.0644701017820986,-0.8352389810905488
-0.7581699611438873,-0.5502079870438897,-0.5673034012547623
0.33684855220010396,-0.42164245835933756,-0.47997467539234495
-0.3201625558062908,-0.678773515728442,-0.000622837081849785
0.5558522548689022,1.6354060005934978,2.53424747809732
-1.5246829204846812,-1.3216011591512031,-1.0415557519236565
-1.4151810691502822,-1.3216011591512031,-0.8093165855790769
1.6508707682128936,-0.2930769296747854,-0.7126387990403912
1.4318670655440953,2.406799172700811,2.3661768645762202
-0.8676718124782865,-1.3216011591512031,-0.8889960799790928
-0.42966440714069,0.34975071374797573,1.1023538440661025
-0.42966440714069,-0.678773515728442,-0.25049773152029936
1.103361511540898,1.8925370579626022,2.177708300488716
-0.10115885313749257,-0.16451140099023315,-0.27089568208670345
-0.8676718124782865,-0.16451140099023315,-0.8080417136686767
2.3078818762192883,3.692454459546333,2.7076300579117545
-0.2106607044718917,-0.5502079870438897,-0.8492625721049516
0.5558522548689022,-0.42164245835933756,-0.09368848654106826
-0.9771736638126857,-0.8073390444129942,-0.4506526214531391
-0.10115885313749257,-0.42164245835933756,-0.9263923226841669
-0.5391662584750891,0.34975071374797573,-0.0724406213677307
0.33684855220010396,-0.16451140099023315,-0.2993678214189758
-0.7581699611438873,0.09261965637887129,0.07948161462163278
0.8843578088720997,-1.3216011591512031,-0.8985576193070947
0.5558522548689022,-0.16451140099023315,-0.4396037315630036
0.11784484953130571,0.2211851850634235,-0.0456683112493254
-0.3201625558062908,-0.678773515728442,-0.8392760754734829
1.3223652142096962,-0.2930769296747854,0.24457752701846555
1.979376322216091,0.09261965637887129,-0.28534423040457296
0.6653541062033014,1.3782749432243935,2.2641871117442
-1.0866755151470848,-0.2930769296747854,1.3396924980522829
-0.2106607044718917,0.7354472998016324,0.7900102260180405
-0.9771736638126857,-0.42164245835933756,-0.36629859671498904
-0.3201625558062908,-0.9359045730975464,-0.5877013518211663
-1.1961773664814839,-0.42164245835933756,-0.8790095833476241
-1.0866755151470848,-1.4501666878357553,-1.019245493491652
1.5413689168784945,2.2782336440162587,2.083155300467364
0.7748559575377005,-0.16451140099023315,-0.1210982326146737
-1.3056792178158831,-0.678773515728442,-0.6542071698137129
-0.42966440714069,-0.2930769296747854,-0.5239577563011537
-0.2106607044718917,-0.678773515728442,-0.8380012035630827
-0.10115885313749257,0.8640128284861845,-0.06415395395012906
-0.5391662584750891,-0.42164245835933756,-0.4461905697667382
-0.7581699611438873,-0.16451140099023315,-0.5826018641795653
1.7603726195472926,3.049626816123572,0.9415075047039373
0.8843578088720997,0.8640128284861845,0.9047486979540633
-0.5391662584750891,-0.2930769296747854,-0.2821570506285723
1.6508707682128936,2.535364701385363,1.5559957655168593
0.008342998196906572,-0.2930769296747854,-0.03589429326959012
-0.9771736638126857,-0.678773515728442,-0.3329394483928491
-1.6341847718190805,-0.9359045730975464,-0.36714851132192255
0.7748559575377005,-0.16451140099023315,-0.7829692327641384
0.5558522548689022,-0.42164245835933756,-0.8473502642393512
-0.10115885313749257,-0.678773515728442,-0.8841090709892252
-1.3056792178158831,-0.8073390444129942,-0.4905986079790137
-0.2106607044718917,0.7354472998016324,0.8886003204223267
-0.2106607044718917,-0.16451140099023315,-0.9521022395439054
-0.5391662584750891,-0.9359045730975464,-0.8900584732377597
-1.3056792178158831,-0.8073390444129942,-0.4774249315715444
1.3223652142096962,-0.5502079870438897,-0.6210605001433063
-1.4151810691502822,-0.678773515728442,-0.7098765765678573
-0.5391662584750891,-0.16451140099023315,0.0044766505597512276
0.11784484953130571,-1.0644701017820986,-0.765758461973735
0.5558522548689022,0.7354472998016324,-0.2702582461315033
-0.6486681098094882,-0.42164245835933756,-0.8811343698649579
-0.8676718124782865,-0.8073390444129942,-0.7867938484953392
1.7603726195472926,2.1496681153317065,1.1331632485674419
-0.2106607044718917,0.6068817711170802,0.9349206665002026
0.008342998196906572,-0.16451140099023315,-0.7500350417454652
1.7603726195472926,2.7924957587544674,1.6513986801451448
0.6653541062033014,0.09261965637887129,-0.199927812407756
1.103361511540898,-0.42164245835933756,-0.41771843043446594
0.008342998196906572,-0.16451140099023315,0.24202778319766505
1.4318670655440953,2.535364701385363,2.426733280320232
0.22734670086570485,0.2211851850634235,-0.27599516972830446
-0.42966440714069,-0.5502079870438897,-0.8979201833518946
-0.5391662584750891,-1.3216011591512031,-0.787856241754006
-0.8676718124782865,-0.42164245835933756,-0.8437381271598838
0.7748559575377005,-0.42164245835933756,-0.8380012035630827
-0.9771736638126857,-0.9359045730975464,-0.3388888506413836
2.3078818762192883,-1.0644701017820986,-0.8760348822233569
0.6653541062033014,-0.9359045730975464,-0.3692732978392563
-1.8531884744878788,-1.193035630466651,-0.947427709205771
-1.7436866231534796,-1.3216011591512031,-0.8095290642308104
-0.10115885313749257,0.7354472998016324,0.01765032696722051
1.103361511540898,-1.0644701017820986,-0.6818293945390517
-1.6341847718190805,-0.9359045730975464,-0.4954856169688813
0.4463504035345031,-0.16451140099023315,-0.7914683788334734
-0.9771736638126857,-0.678773515728442,-0.8766723181785571
0.22734670086570485,-0.42164245835933756,-0.8709353945817558
-1.0866755151470848,-1.3216011591512031,-0.8892085586308262
-0.3201625558062908,-1.3216011591512031,-0.9550769406681726
0.5558522548689022,-0.16451140099023315,-0.055017371925593916
-0.42966440714069,-0.678773515728442,-0.7870063271470725
2.3078818762192883,1.6354060005934978,0.8603406597417877
-0.6486681098094882,0.2211851850634235,-0.8868712934617591
-0.2106607044718917,-0.16451140099023315,-0.5288447652910213
1.3223652142096962,2.2782336440162587,0.19124538543338832
1.2128633628752972,0.2211851850634235,-0.9017447990830953
-0.6486681098094882,-0.2930769296747854,0.09116794046696844
-0.10115885313749257,-0.42164245835933756,-0.38775894054006
0.11784484953130571,0.4783162424325279,1.5041509744939157
-0.5391662584750891,-0.8073390444129942,-0.8862338575065589
-1.3056792178158831,-1.3216011591512031,-0.8690230867161555
0.33684855220010396,-0.03594587230568093,0.6803712417236187
-1.1961773664814839,-0.5502079870438897,-0.4693507428056762
0.4463504035345031,1.121143885855289,-0.37862235851552484
-0.10115885313749257,0.6068817711170802,-0.8465003496324177
-1.9626903258222779,-1.3216011591512031,-0.9310668530223012
-1.8531884744878788,-1.3216011591512031,-0.7500350417454652
-0.6486681098094882,-0.16451140099023315,-0.137671567449877
0.33684855220010396,-1.0644701017820986,-0.6131987900291714
-0.5391662584750891,-0.42164245835933756,0.04718485955815971
-0.10115885313749257,0.6068817711170802,0.8121080057983115
-0.42966440714069,-0.678773515728442,0.09478007754643582
0.008342998196906572,0.7354472998016324,0.8724519428905902
0.8843578088720997,-0.2930769296747854,-0.4368415090904697
-0.8676718124782865,-1.0644701017820986,-0.9234176215598996
-0.2106607044718917,-0.8073390444129942,-0.4041197967235299
1.6508707682128936,1.8925370579626022,2.251438392640197
2.3078818762192883,-0.5502079870438897,-0.8549994957017527
1.7603726195472926,1.3782749432243935,1.7739988621953025
-0.7581699611438873,-0.16451140099023315,0.1617108528424491
0.11784484953130571,-0.678773515728442,-0.17783003262748495
-0.2106607044718917,0.09261965637887129,0.28048641916140604
0.22734670086570485,-0.2930769296747854,0.29259770231020843
0.33684855220010396,1.3782749432243935,1.421709257621366
1.103361511540898,1.121143885855289,-0.3051047450157769
-0.10115885313749257,0.09261965637887129,-0.3025550011949764
-0.6486681098094882,-0.9359045730975464,-0.8885711226756261
-0.42966440714069,-0.16451140099023315,2.324743527488212
-0.8676718124782865,-1.0644701017820986,-0.8709353945817558
-0.42966440714069,-0.8073390444129942,-0.6482577675651784
0.8843578088720997,-0.42164245835933756,-0.8994075339140282
1.4318670655440953,2.6639302300699153,2.31518198816021
-0.42966440714069,-0.678773515728442,-0.2156512326360258
0.4463504035345031,1.2497094145398413,2.7443888646616283
-1.0866755151470848,-0.9359045730975464,-0.7844565833262721
0.8843578088720997,-0.2930769296747854,-0.6097991316014374
1.103361511540898,-0.2930769296747854,-0.49718544618274835
-0.7581699611438873,-0.5502079870438897,-0.928729587853234
1.4318670655440953,1.3782749432243935,1.5872301273216654
0.11784484953130571,-1.0644701017820986,-0.8114413720964108
0.9938596602064987,0.2211851850634235,0.9225969046996668
-1.4151810691502822,-0.8073390444129942,-0.451715014711806
-0.2106607044718917,-0.8073390444129942,-0.586426479910766
-0.6486681098094882,-0.9359045730975464,-0.500372625958749
-2.072192177156677,-1.4501666878357553,-1.158419010377013
1.869874470881692,1.3782749432243935,0.9000741676159291
-0.2106607044718917,0.6068817711170802,0.8254941608575143
-0.7581699611438873,-0.2930769296747854,1.0439222148394243
-1.8531884744878788,-1.3216011591512031,-0.8292895788420143
-0.7581699611438873,-0.9359045730975464,-0.8671107788505551
-1.1961773664814839,-0.42164245835933756,-0.2190508910637598
-1.6341847718190805,-0.9359045730975464,-0.8609488979502873
1.2128633628752972,0.9925783571707368,-0.48082458999927846
1.2128633628752972,2.0211025866471544,0.9553186170666066
0.4463504035345031,-0.42164245835933756,-0.31870337872671295
0.22734670086570485,1.2497094145398413,1.3256689070378802
-1.0866755151470848,-0.9359045730975464,-0.48358681247181234
-0.2106607044718917,-1.0644701017820986,-0.5494551945091587
0.5558522548689022,1.2497094145398413,2.5072626893271814
1.4318670655440953,-0.42164245835933756,-0.8760348822233569
2.4173837275536876,2.406799172700811,1.5347479003435216
0.008342998196906572,0.4783162424325279,-0.3667235540184558
1.979376322216091,0.7354472998016324,-0.02505788203118797
0.4463504035345031,1.2497094145398413,2.8621020377219186
0.11784484953130571,0.9925783571707368,0.07608195619389878
-1.1961773664814839,-0.5502079870438897,-0.3259276528856477
1.6508707682128936,2.7924957587544674,2.8349047703000463
0.7748559575377005,1.5068404719089457,1.448481567739771
1.4318670655440953,0.9925783571707368,-0.03313207079705624
-0.10115885313749257,0.8640128284861845,-0.7989051316441416
0.22734670086570485,1.2497094145398413,0.930033657510335
-0.42966440714069,-1.0644701017820986,-0.8841090709892252
0.8843578088720997,1.8925370579626022,2.368514129745287
-0.5391662584750891,-0.16451140099023315,-0.5265075001219541
-0.3201625558062908,0.6068817711170802,0.6846208147582863
2.4173837275536876,0.34975071374797573,1.1476117968853115
0.8843578088720997,-0.678773515728442,-0.9191680485252322
1.7603726195472926,2.406799172700811,0.2171677809448601
-0.10115885313749257,-0.2930769296747854,-0.3546122708696534
-1.1961773664814839,-0.678773515728442,-0.9478526665092378
-0.3201625558062908,-1.3216011591512031,-0.910031466500697
-0.9771736638126857,-1.3216011591512031,-1.1582065317252797
0.11784484953130571,-0.42164245835933756,-0.7823317968089383
1.4318670655440953,2.2782336440162587,2.705717750046154
0.008342998196906572,-0.42164245835933756,-0.5090842506798174
0.33684855220010396,-0.42164245835933756,0.4022366866046302
-1.1961773664814839,-0.8073390444129942,-0.955289419319906
0.9938596602064987,1.5068404719089457,2.7885844242221705
1.869874470881692,0.2211851850634235,0.8888127990740601
2.08887817355049,0.8640128284861845,-0.7566218799491998
-0.10115885313749257,0.4783162424325279,0.5004018237054497
1.979376322216091,2.535364701385363,2.1785582150956495
0.6653541062033014,0.8640128284861845,0.9126104080681982
-1.8531884744878788,-1.193035630466651,-0.8881461653721593
-1.7436866231534796,-1.3216011591512031,-1.080864302494331
0.9938596602064987,0.9925783571707368,-0.40114509559926265
1.5413689168784945,0.8640128284861845,-0.8588241114329535
-0.9771736638126857,-0.16451140099023315,0.4715047270697106
-1.1961773664814839,-0.678773515728442,-0.5413810057432905
-0.7581699611438873,-0.5502079870438897,0.7339158619604293
0.4463504035345031,-0.16451140099023315,-0.6644061450969149
0.11784484953130571,1.121143885855289,0.49296507089478153
0.33684855220010396,0.34975071374797573,0.8114705698431114
-1.0866755151470848,-1.0644701017820986,-0.3998702236888624
1.979376322216091,1.5068404719089457,0.950431608076739
-0.9771736638126857,-0.16451140099023315,-0.6040622080046363
0.7748559575377005,1.6354060005934978,0.8454671541204515
-0.42966440714069,-0.2930769296747854,0.13090144834110964
-0.2106607044718917,-0.2930769296747854,0.6542363675604136
-0.42966440714069,0.34975071374797573,-0.4238803113347338
-0.9771736638126857,-0.9359045730975464,-0.9127936889732309
-0.3201625558062908,-0.5502079870438897,0.2662503494952699
0.008342998196906572,-0.42164245835933756,0.040598021354425064
-1.3056792178158831,-0.5502079870438897,-0.5974753698009015
-1.1961773664814839,-1.3216011591512031,-0.8766723181785571
-0.42966440714069,-0.8073390444129942,-0.890270951889493
0.5558522548689022,1.5068404719089457,2.371701309521288
-0.9771736638126857,-1.3216011591512031,-0.8301394934489478
1.4318670655440953,-0.8073390444129942,-0.37713500795339117
-0.42966440714069,-0.9359045730975464,-0.46765091359180916
-0.3201625558062908,-0.678773515728442,-0.748760169835065
1.2128633628752972,2.0211025866471544,2.205967961169255
0.8843578088720997,0.4783162424325279,-0.19334097420402138
1.6508707682128936,0.8640128284861845,0.8376054440063166
0.11784484953130571,-0.2930769296747854,0.4753293428009114
-0.8676718124782865,-0.03594587230568093,-0.8475627428910846
-0.9771736638126857,-0.16451140099023315,0.24479000567019893
0.9938596602064987,1.5068404719089457,2.3292055791746127
0.11784484953130571,-0.16451140099023315,0.1801964955432528
0.6653541062033014,0.8640128284861845,0.9172849384063324
0.22734670086570485,1.2497094145398413,1.203918639594656
0.33684855220010396,1.2497094145398413,2.788371945570437
-1.7436866231534796,-1.193035630466651,-0.9419032642607033
0.22734670086570485,-0.2930769296747854,0.05929614270696211
-0.10115885313749257,0.8640128284861845,0.2711373584851375
-0.6486681098094882,-1.0644701017820986,-0.7887061563609395
-0.9771736638126857,-0.678773515728442,-0.7015899091502557
-0.2106607044718917,-0.8073390444129942,-0.3261401315373811
1.3223652142096962,1.3782749432243935,1.405985837393096
-0.3201625558062908,-0.8073390444129942,-0.5248076709080872
-0.8676718124782865,-0.42164245835933756,-0.6824668304942518
0.5558522548689022,0.6068817711170802,-0.47402527314381043
-0.8676718124782865,-0.16451140099023315,-0.307442010184844
0.11784484953130571,-0.5502079870438897,-0.7774447878190707
-0.9771736638126857,-1.0644701017820986,-0.8074042777134766
-2.072192177156677,-1.4501666878357553,-0.9771747204484437
-0.42966440714069,-0.678773515728442,0.3656903585064896
0.4463504035345031,-0.678773515728442,-0.3690608191875229
-0.6486681098094882,-1.193035630466651,-0.8271647923246805
0.008342998196906572,-0.2930769296747854,-0.16401892026481554
-1.0866755151470848,-0.9359045730975464,-0.8422507765977502
-0.3201625558062908,-0.678773515728442,-0.16763105734428294
-0.2106607044718917,-0.678773515728442,-0.46318886190540826
-0.8676718124782865,-0.03594587230568093,0.17700931576725215
0.33684855220010396,1.121143885855289,1.4865152464000455
0.5558522548689022,1.3782749432243935,1.5415472171989897
0.5558522548689022,-0.2930769296747854,-0.2864066236632398
-0.2106607044718917,-0.16451140099023315,-0.9019572777348287
-1.4151810691502822,-0.678773515728442,-0.6174483630638389
-0.9771736638126857,-1.3216011591512031,-0.8473502642393512
-1.1961773664814839,-0.42164245835933756,-0.4425784326872709
-0.7581699611438873,-0.16451140099023315,0.015950497753353506
0.33684855220010396,0.6068817711170802,-0.4421534753838041
-0.2106607044718917,0.4783162424325279,0.8012715945599094
-0.3201625558062908,0.34975071374797573,-0.24646063713736524
-0.2106607044718917,-1.193035630466651,-0.8768847968302904
0.6653541062033014,-0.5502079870438897,-0.24582320118216514
-0.5391662584750891,-1.3216011591512031,-0.7810569248985381
2.08887817355049,2.1496681153317065,2.855727678169917
-0.8676718124782865,-0.16451140099023315,-0.7164634147715919
-1.9626903258222779,-1.3216011591512031,-0.8394885541252163
0.8843578088720997,-0.5502079870438897,-0.43046714953846843
0.008342998196906572,0.34975071374797573,-0.0061472820269175485
-1.8531884744878788,-1.193035630466651,-0.7372863226414627
0.7748559575377005,-0.678773515728442,-0.7578967518596001
1.7603726195472926,1.8925370579626022,2.571643720802394
-0.8676718124782865,-0.678773515728442,-0.9210803563908325
-1.6341847718190805,-1.3216011591512031,-0.7755324799534703
0.9938596602064987,2.1496681153317065,2.2406019814017952
0.7748559575377005,-0.678773515728442,-0.8951579608793607
-0.42966440714069,-0.8073390444129942,-0.6168109271086387
0.4463504035345031,-0.8073390444129942,-0.9340415541465684
-0.7581699611438873,-0.42164245835933756,-0.5073844214659504
0.33684855220010396,-0.8073390444129942,-0.4623389472984748
1.4318670655440953,2.6639302300699153,2.4122847320023624
-0.9771736638126857,-0.678773515728442,-0.7026523024089225
0.9938596602064987,1.76397152927805,2.6725710803757474
-0.2106607044718917,0.4783162424325279,0.5233495180926542
-1.4151810691502822,-1.3216011591512031,-0.9121562530180307
-0.42966440714069,-0.16451140099023315,-0.4172934731309992
-0.10115885313749257,-0.5502079870438897,-0.7993300889476084
-0.7581699611438873,-0.16451140099023315,-0.6399711001475767
0.7748559575377005,1.121143885855289,-0.4168685158275324
-1.8531884744878788,-1.193035630466651,-0.812716244006811
0.9938596602064987,0.09261965637887129,0.18614589779178728
0.5558522548689022,-0.16451140099023315,-0.049067969677059405
2.526885578888087,0.09261965637887129,-0.2725955113005704
-0.5391662584750891,-1.193035630466651,-0.7989051316441416
-0.5391662584750891,-0.16451140099023315,-0.3197657719853798
-0.10115885313749257,0.7354472998016324,0.7965970642217751
-0.42966440714069,0.4783162424325279,-0.7908309428782733
0.33684855220010396,-0.5502079870438897,0.0741696483282984
-1.3056792178158831,-0.8073390444129942,-0.3299647472685818
-0.7581699611438873,0.09261965637887129,-0.6212729787950396
0.5558522548689022,1.121143885855289,1.4210718216661657
-0.2106607044718917,0.6068817711170802,0.8231568956884471
-1.0866755151470848,-0.2930769296747854,-0.9068442867246963
1.869874470881692,2.7924957587544674,0.849716727155119
0.7748559575377005,-0.16451140099023315,-0.9544395047129725
-1.9626903258222779,-1.3216011591512031,-0.9867362597764455
-0.8676718124782865,-1.0644701017820986,-0.5828143428312987
1.869874470881692,3.1781923448081244,2.3959238758188928
-0.6486681098094882,-0.678773515728442,0.07013255394536426
-0.6486681098094882,-0.16451140099023315,0.06567050225896337
2.4173837275536876,0.2211851850634235,-0.28300696523550584
0.6653541062033014,1.76397152927805,2.812594511868042
1.3223652142096962,1.5068404719089457,2.5939539792343984
-0.10115885313749257,0.09261965637887129,-0.5972628911491682
1.2128633628752972,-0.5502079870438897,-0.8380012035630827
-1.0866755151470848,-0.8073390444129942,-0.8469253069358844
-0.8676718124782865,-0.678773515728442,0.025512037081355403
1.2128633628752972,1.76397152927805,2.499188500561313
-0.8676718124782865,-0.2930769296747854,2.044271707200156
-0.3201625558062908,-1.193035630466651,-0.832476758618015
0.7748559575377005,1.8925370579626022,2.4881396106711775
-0.42966440714069,-0.16451140099023315,0.3988370281768962
-1.9626903258222779,-1.3216011591512031,-0.7455729900590643
-1.5246829204846812,-1.3216011591512031,-1.1218726822788723
-1.3056792178158831,-1.3216011591512031,-1.1441829407108768
-1.1961773664814839,-0.42164245835933756,-0.770857949615336
0.8843578088720997,1.8925370579626022,2.61796406688027
1.979376322216091,2.9210612874390196,1.5030885812352488
-1.7436866231534796,-1.193035630466651,-0.8239776125486798
0.9938596602064987,1.8925370579626022,2.6105273140696017
-0.3201625558062908,-0.9359045730975464,-0.41750595178273253
1.5413689168784945,2.535364701385363,2.835329727603513
2.4173837275536876,1.76397152927805,0.8518415136724528
-0.3201625558062908,0.4783162424325279,-0.43747894504566986
-0.9771736638126857,-0.8073390444129942,-0.9240550575150998
0.7748559575377005,1.8925370579626022,2.6957312534146856
-0.3201625558062908,0.34975071374797573,-0.42770492706593455
-0.2106607044718917,-0.9359045730975464,-0.636783920371576
0.5558522548689022,0.8640128284861845,-0.8777347114372239
0.6653541062033014,1.5068404719089457,0.7921350125353742
-0.10115885313749257,0.8640128284861845,-0.2322245674712291
0.7748559575377005,-0.16451140099023315,0.3134206101800792
-0.9771736638126857,-1.193035630466651,-0.5600791270958275
1.5413689168784945,-0.42164245835933756,-0.7787196597294709
-0.7581699611438873,-0.16451140099023315,-0.3841468034605926
-0.8676718124782865,-0.16451140099023315,-0.6722678552110498
-0.9771736638126857,-0.8073390444129942,-0.9397784777433695
-1.3056792178158831,-1.193035630466651,-0.9363788193156355
-0.5391662584750891,-0.16451140099023315,-0.06245412473626206
0.8843578088720997,1.3782749432243935,2.4558428556077043
0.22734670086570485,1.2497094145398413,2.2565378802817984
2.3078818762192883,-1.193035630466651,-0.8777347114372239
-0.5391662584750891,-0.16451140099023315,-0.344200816934718
0.22734670086570485,-0.678773515728442,-0.5522174169816926
-0.7581699611438873,-0.16451140099023315,-0.3985953517784621
-0.10115885313749257,-0.16451140099023315,0.12558948204777526
0.9938596602064987,-0.16451140099023315,-0.6544196484654462
-0.9771736638126857,-0.16451140099023315,0.03634844831975755
1.4318670655440953,1.76397152927805,2.204905567910588
0.33684855220010396,-0.2930769296747854,0.5505467855145263
1.6508707682128936,-0.16451140099023315,0.41286061919129896
-0.7581699611438873,-0.2930769296747854,1.150161540706112
0.22734670086570485,-0.2930769296747854,-0.41835586638966604
-0.6486681098094882,-0.16451140099023315,0.711605603528425
0.4463504035345031,0.9925783571707368,-0.07477788653679784
-0.6486681098094882,-1.0644701017820986,-0.8926082170585602
0.7748559575377005,-0.16451140099023315,-0.8798594979545576
0.5558522548689022,1.2497094145398413,2.4133471252610295
1.979376322216091,1.5068404719089457,2.6950938174594854
2.08887817355049,3.1781923448081244,2.8077075028781744
0.33684855220010396,-0.678773515728442,-0.6287097316057078
-0.3201625558062908,-0.16451140099023315,0.42433446638490124
0.33684855220010396,-0.2930769296747854,-0.39137107761952733
0.4463504035345031,-0.16451140099023315,-0.5099341652867508
-0.2106607044718917,-0.2930769296747854,-0.4789122821336781
1.5413689168784945,2.7924957587544674,1.5984914958635343
0.11784484953130571,-0.03594587230568093,0.0828812730493668
-0.3201625558062908,-0.16451140099023315,-0.08030233148186561
-1.3056792178158831,-0.5502079870438897,-0.6021499001390359
2.3078818762192883,2.535364701385363,0.7447522731988315
0.33684855220010396,-0.5502079870438897,-0.8745475316612232
-0.10115885313749257,0.7354472998016324,-0.39604560795766164
1.2128633628752972,-0.03594587230568093,0.29642231804140917
-1.0866755151470848,-0.8073390444129942,-0.843313169856417
1.5413689168784945,2.2782336440162587,1.4106603677312304
-2.072192177156677,-1.4501666878357553,-1.0394309654063227
-0.2106607044718917,-0.16451140099023315,-0.24221106410269774
-1.0866755151470848,-0.42164245835933756,-0.3042548304088434
1.979376322216091,1.6354060005934978,1.528161062139787
2.08887817355049,2.7924957587544674,1.465904817181908
-0.3201625558062908,-0.8073390444129942,-0.9506148889817717
0.33684855220010396,0.4783162424325279,-0.026757711245054973
-0.3201625558062908,-0.16451140099023315,-0.22818747308829496
-0.6486681098094882,-1.0644701017820986,-0.7899810282713399
-0.2106607044718917,-0.8073390444129942,-0.401357574250996
0.11784484953130571,-0.9359045730975464,-0.8271647923246805
-0.3201625558062908,0.34975071374797573,0.039110670792291434
-0.9771736638126857,-0.8073390444129942,-0.3779849225603247
-0.6486681098094882,-0.16451140099023315,-0.06882848428826333
0.22734670086570485,-0.42164245835933756,-0.08136472474053248
1.5413689168784945,0.34975071374797573,0.8696897204180564
0.4463504035345031,0.09261965637887129,-0.2201132843224267
0.008342998196906572,-0.42164245835933756,-0.7451480327555976
-0.42966440714069,-0.42164245835933756,0.7426274866814978
-0.5391662584750891,-0.9359045730975464,-0.5152461315800853
0.22734670086570485,0.2211851850634235,0.93853280357967
-1.3056792178158831,-0.678773515728442,-0.05756711574639442
1.6508707682128936,1.6354060005934978,1.432970626163235
0.6653541062033014,1.121143885855289,-0.5146086956248852
-1.0866755151470848,-0.678773515728442,-0.15594473149894728
-1.0866755151470848,-0.42164245835933756,-0.8730601810990897
-1.1961773664814839,-0.8073390444129942,-0.5522174169816926
0.5558522548689022,1.2497094145398413,2.1876947971201846
1.6508707682128936,0.09261965637887129,-0.7549220507353328
0.008342998196906572,-0.42164245835933756,-0.6106490462083709
-0.2106607044718917,-0.16451140099023315,0.607491064179071
-1.3056792178158831,-0.5502079870438897,-0.6956405069017211
-1.1961773664814839,-0.42164245835933756,-0.6214854574467731
-0.8676718124782865,-0.16451140099023315,0.315545396697413
1.3223652142096962,1.121143885855289,-0.4714755293230099
-0.8676718124782865,-0.2930769296747854,0.22311718319339463
1.869874470881692,2.2782336440162587,2.3000960038871403
2.3078818762192883,2.6639302300699153,2.8043078444504403
1.979376322216091,2.535364701385363,1.7485014239872974
-0.10115885313749257,0.4783162424325279,0.5896428574334673
-0.6486681098094882,-1.3216011591512031,-1.0929755856431334
-0.7581699611438873,-0.42164245835933756,-0.36629859671498904
-0.6486681098094882,-0.2930769296747854,2.107590345416702
-0.3201625558062908,-0.16451140099023315,-0.7451480327555976
-0.6486681098094882,-1.3216011591512031,-1.113798493513004
-1.0866755151470848,-0.678773515728442,-0.9357413833604354
-0.10115885313749257,-0.16451140099023315,-0.14723310677787887
-0.10115885313749257,-0.03594587230568093,-0.1818671270104191
1.103361511540898,0.7354472998016324,-0.6550570844206464
-1.3056792178158831,-0.678773515728442,-0.44682800572193837
0.008342998196906572,-0.5502079870438897,-0.6380587922819764
2.08887817355049,-0.8073390444129942,-0.9427531788676368
1.103361511540898,1.8925370579626022,2.2663118982615336
-1.4151810691502822,-0.8073390444129942,-0.49739792483448175
-0.5391662584750891,-0.5502079870438897,0.5739194372051976
-0.3201625558062908,-0.5502079870438897,-0.6818293945390517
0.4463504035345031,-0.5502079870438897,-0.9297919811119009
0.33684855220010396,-0.03594587230568093,-0.537131432708623
-0.6486681098094882,0.2211851850634235,0.9115480148095313
0.9938596602064987,2.1496681153317065,0.7634503945513685
0.22734670086570485,-0.03594587230568093,-0.6070369091289035
-0.6486681098094882,-0.16451140099023315,0.20038196745792344
0.8843578088720997,1.6354060005934978,0.923871776610067
-0.6486681098094882,-0.42164245835933756,-0.9336165968431016
-0.6486681098094882,-0.5502079870438897,-0.5908885315971669
0.8843578088720997,-0.16451140099023315,0.6113156799102717
1.2128633628752972,0.4783162424325279,-0.21607618993949254
-0.3201625558062908,-1.193035630466651,-0.7991176102958749
0.33684855220010396,0.6068817711170802,1.5413347385472562
-0.9771736638126857,-0.678773515728442,0.41647275627076635
0.7748559575377005,-0.5502079870438897,-0.7098765765678573
1.7603726195472926,3.049626816123572,2.144986588121776
1.3223652142096962,1.121143885855289,0.031461439329889915
0.33684855220010396,-0.42164245835933756,-0.883471635034025
0.7748559575377005,-0.678773515728442,-0.6550570844206464
-0.42966440714069,-0.8073390444129942,-0.4525649293187395
-0.3201625558062908,0.4783162424325279,-0.37054816974965654
-0.7581699611438873,-0.9359045730975464,-0.255384740510167
0.5558522548689022,0.09261965637887129,-0.6012999855321024
0.7748559575377005,-0.03594587230568093,-0.36863586188405617
-0.7581699611438873,-1.3216011591512031,-1.1110362710404702
2.1983800248848895,0.2211851850634235,-0.3405886798552506
1.3223652142096962,2.2782336440162587,0.8420674956927175
-0.3201625558062908,0.6068817711170802,2.2318903566807267
-0.9771736638126857,-0.8073390444129942,-0.7636336754564013
-0.8676718124782865,-0.5502079870438897,-0.15679464610588079
-0.3201625558062908,0.6068817711170802,-0.40454475402699663
-0.2106607044718917,-1.3216011591512031,-0.8709353945817558
-1.4151810691502822,-0.9359045730975464,-0.7077517900505235
-1.4151810691502822,-1.3216011591512031,-0.9497649743748382
0.7748559575377005,0.6068817711170802,0.78746048219724
-0.8676718124782865,-0.16451140099023315,0.4498319045929063
-0.7581699611438873,-0.678773515728442,-0.9431781361711036
1.979376322216091,-0.9359045730975464,-0.5243827136046204
-0.42966440714069,-0.42164245835933756,-0.5662410079960954
1.103361511540898,-0.03594587230568093,-0.40624458324086365
-0.9771736638126857,-0.42164245835933756,-0.8375762462596159
-0.9771736638126857,-1.3216011591512031,-1.0496299406895246
-0.9771736638126857,-0.8073390444129942,-0.34101363715871735
1.3223652142096962,-0.16451140099023315,-0.36417381019765527
-0.8676718124782865,-0.9359045730975464,-0.7060519608366564
-0.9771736638126857,-0.42164245835933756,0.009788616853085616
-0.42966440714069,0.34975071374797573,-0.024420446075987843
-0.5391662584750891,-0.16451140099023315,1.0073758867412836
1.869874470881692,1.8925370579626022,2.0247236712406855
-0.8676718124782865,-0.03594587230568093,-0.8798594979545576
0.7748559575377005,1.6354060005934978,2.0876173521537646
0.22734670086570485,-0.2930769296747854,0.3979871135699627
0.9938596602064987,1.5068404719089457,2.1466864173356432
-0.2106607044718917,-0.03594587230568093,0.44685720346863905
-1.5246829204846812,-0.8073390444129942,-0.8989825766105615
0.33684855220010396,0.4783162424325279,-0.9529521541508388
-0.3201625558062908,-0.16451140099023315,0.12325221687870815
-0.6486681098094882,-0.5502079870438897,-0.513971259669685
1.4318670655440953,2.6639302300699153,1.680295776780884
-0.3201625558062908,0.09261965637887129,-0.89133334514816
0.5558522548689022,-0.9359045730975464,-0.35312492030751974
0.008342998196906572,-0.16451140099023315,-0.47126305067127655
-0.8676718124782865,-0.2930769296747854,0.6824960282409525
-0.42966440714069,-0.8073390444129942,-0.4638262978606084
0.8843578088720997,-0.42164245835933756,-0.928729587853234
0.5558522548689022,1.6354060005934978,0.7693997967999031
0.33684855220010396,-0.2930769296747854,-0.21883841241202642
-0.42966440714069,0.4783162424325279,-0.2753577337731043
0.33684855220010396,1.2497094145398413,2.110777525192703
-1.4151810691502822,-1.193035630466651,-0.8938830889689604
0.33684855220010396,-0.42164245835933756,-0.5171584394456856
0.8843578088720997,-0.16451140099023315,0.19931957419925658
-0.2106607044718917,-0.678773515728442,-0.8654109496366881
-0.5391662584750891,0.09261965637887129,-0.13278455846000936
-0.10115885313749257,-0.5502079870438897,-0.8199405181657458
1.2128633628752972,0.8640128284861845,-0.013584034837585692
-0.8676718124782865,-0.8073390444129942,-0.8609488979502873
-0.42966440714069,-0.42164245835933756,-0.02357053146905434
-0.7581699611438873,-0.16451140099023315,0.6822835495892191
0.11784484953130571,-0.16451140099023315,-0.09050130676506762
-0.2106607044718917,-1.0644701017820986,-0.8611613766020206
-0.7581699611438873,-0.2930769296747854,0.5836934551849329
-0.2106607044718917,-1.3216011591512031,-0.9410533496537699
1.7603726195472926,2.9210612874390196,0.778961336127905
0.11784484953130571,-0.5502079870438897,-0.3501502191832525
-0.5391662584750891,-0.2930769296747854,-0.5133338237144849
1.2128633628752972,-0.16451140099023315,-0.8787971046958908
-0.3201625558062908,-1.3216011591512031,-0.7502475203971986
1.979376322216091,3.1781923448081244,2.7798727995011023
-0.3201625558062908,-0.2930769296747854,-0.2165011472429593
-1.1961773664814839,-1.3216011591512031,-0.9438155721263037
0.11784484953130571,-0.16451140099023315,0.7269040664532279
0.11784484953130571,-0.42164245835933756,-0.4897486933720802
-0.10115885313749257,0.4783162424325279,0.0663079382141635
-0.8676718124782865,-0.16451140099023315,-0.3781974012120581
-0.2106607044718917,-0.16451140099023315,-0.07669019440239822
0.22734670086570485,-0.03594587230568093,0.3684525809790235
-0.8676718124782865,-0.678773515728442,0.4993394304467828
1.4318670655440953,2.0211025866471544,2.7256907433090913
-1.5246829204846812,-0.9359045730975464,-0.9412658283055032
-0.10115885313749257,-0.2930769296747854,-0.199927812407756
0.5558522548689022,1.6354060005934978,2.7856097230979033
-0.2106607044718917,-0.16451140099023315,-0.6578193068931802
-0.3201625558062908,-0.42164245835933756,-0.3059546596227104
0.33684855220010396,-0.8073390444129942,-0.39604560795766164
0.6653541062033014,-0.42164245835933756,-0.3456881674968516
-0.2106607044718917,-1.3216011591512031,-0.8101665001860104
0.9938596602064987,2.0211025866471544,2.350878401651417
-0.9771736638126857,-1.3216011591512031,-0.8700854799748223
-1.6341847718190805,-0.9359045730975464,-0.783819147371072
1.4318670655440953,2.6639302300699153,1.007588365393017
-0.5391662584750891,-0.678773515728442,-0.6780047788078509
0.7748559575377005,1.5068404719089457,2.6657717635202793
-0.7581699611438873,-0.678773515728442,-0.9268172799876336
0.8843578088720997,-0.16451140099023315,-0.15594473149894728
0.8843578088720997,-0.16451140099023315,-0.450015185497939
-0.6486681098094882,-0.16451140099023315,-0.2487979023064324
-0.10115885313749257,-0.5502079870438897,-0.3909461203160606
-0.3201625558062908,-0.2930769296747854,-0.3779849225603247
1.3223652142096962,-0.16451140099023315,-0.6994651226329218
0.22734670086570485,-0.16451140099023315,-0.23923636297843048
-1.0866755151470848,-0.5502079870438897,-0.5177958754008858
-0.2106607044718917,0.6068817711170802,-0.27514525512137095
-0.9771736638126857,-0.678773515728442,-0.34547568884511826
-1.7436866231534796,-1.0644701017820986,-0.7194381158958592
-2.072192177156677,-1.4501666878357553,-1.0483550687791245
1.103361511540898,2.0211025866471544,2.7951712624259053
0.22734670086570485,-0.03594587230568093,-0.7296370911790612
0.33684855220010396,0.8640128284861845,0.8354806574889828
-0.2106607044718917,0.4783162424325279,-0.500372625958749
0.008342998196906572,-0.2930769296747854,-0.15615721015068065
0.22734670086570485,-0.16451140099023315,-0.3104167113091113
0.8843578088720997,-0.16451140099023315,-0.1557322528472139
0.11784484953130571,-0.16451140099023315,0.2662503494952699
-0.2106607044718917,0.4783162424325279,0.8080709114153775
0.008342998196906572,-0.42164245835933756,-0.5454181001262246
0.33684855220010396,0.8640128284861845,0.30640881467287784
0.7748559575377005,0.34975071374797573,-0.16146917644401504
1.2128633628752972,1.5068404719089457,1.848366390301984
-0.2106607044718917,-0.5502079870438897,-0.22585020791922783
-1.4151810691502822,-0.678773515728442,-0.5828143428312987
-1.0866755151470848,-0.8073390444129942,-0.634446655202509
-1.0866755151470848,-0.678773515728442,-0.8335391518766818
0.33684855220010396,-0.16451140099023315,-0.9215053136942992
-0.8676718124782865,-0.42164245835933756,-0.13469686632560973
-0.10115885313749257,-0.2930769296747854,0.3197949697320805
-1.3056792178158831,-0.5502079870438897,-0.2755702124248377
0.22734670086570485,-0.5502079870438897,-0.2566596124205673
1.3223652142096962,2.0211025866471544,2.1056780375511015
1.4318670655440953,0.9925783571707368,1.437645156501369
-1.8531884744878788,-1.193035630466651,-0.7904059855748066
-0.3201625558062908,-0.03594587230568093,-0.22733755848136145
-0.10115885313749257,0.4783162424325279,-0.9540145474095058
1.3223652142096962,2.406799172700811,1.5857427767595318
-0.10115885313749257,-0.9359045730975464,-0.45235245066700613
-0.10115885313749257,0.2211851850634235,0.07204486181096464
1.869874470881692,3.1781923448081244,2.320918911757011
0.6653541062033014,0.34975071374797573,2.3585276331138187
-0.2106607044718917,0.2211851850634235,-0.4083693697581974
0.11784484953130571,0.9925783571707368,-0.37564765739125755
-0.8676718124782865,-0.16451140099023315,-0.49208595854114734
-0.42966440714069,-0.678773515728442,-0.21203909555655842
-0.5391662584750891,-0.16451140099023315,-0.21947584836722656
-0.6486681098094882,-0.16451140099023315,-0.21820097645682632
1.3223652142096962,0.7354472998016324,-0.8320518013145481
0.11784484953130571,-0.9359045730975464,-0.8632861631193544
1.103361511540898,2.2782336440162587,2.011974952136683
1.3223652142096962,1.5068404719089457,1.8859751116587913
0.4463504035345031,1.2497094145398413,0.12303973822697477
-1.8531884744878788,-1.193035630466651,-0.8020923114201423
-0.42966440714069,-0.5502079870438897,-0.24114867084403085
-0.10115885313749257,-0.16451140099023315,-0.24561072253043176
0.7748559575377005,-0.42164245835933756,-0.7028647810606559
-1.5246829204846812,-0.8073390444129942,-0.5341567315843557
0.11784484953130571,-0.5502079870438897,-0.6792796507182511
1.7603726195472926,-0.03594587230568093,0.10667888204350486
1.2128633628752972,0.9925783571707368,-0.8176032529966786
-0.5391662584750891,-1.3216011591512031,-1.0857513114841986
-1.1961773664814839,-0.5502079870438897,-0.8356639383940155
1.979376322216091,-0.42164245835933756,-0.6301970821678414
-0.3201625558062908,0.4783162424325279,-0.5347941675395558
2.526885578888087,0.9925783571707368,0.9306710934655351
-0.42966440714069,0.34975071374797573,-0.9508273676335051
0.008342998196906572,-0.678773515728442,0.6421250844116111
-0.3201625558062908,-0.16451140099023315,-0.7593841024217337
-1.5246829204846812,-1.0644701017820986,-0.8983451406553613
0.7748559575377005,-0.2930769296747854,0.292385223658475
-0.2106607044718917,-0.678773515728442,-0.3342143203032493
0.6653541062033014,-0.16451140099023315,0.28558590680300705
-1.4151810691502822,-0.8073390444129942,-0.44661552707020497
0.4463504035345031,-0.16451140099023315,0.5817811473193325
-0.8676718124782865,-0.2930769296747854,-0.7498225630937319
-0.10115885313749257,0.7354472998016324,-0.42515518324513407
0.8843578088720997,1.76397152927805,0.9019864754815294
-1.4151810691502822,-1.3216011591512031,-1.0513297699033917
1.103361511540898,1.76397152927805,1.366889765474155
-1.1961773664814839,-1.0644701017820986,-0.89197078110336
0.8843578088720997,1.2497094145398413,2.167509325205514
-0.5391662584750891,-0.16451140099023315,-0.6522948619481125
-0.6486681098094882,-0.678773515728442,-0.642945801271844
0.4463504035345031,-0.16451140099023315,-0.015496342703186072
0.33684855220010396,0.8640128284861845,0.0027768213458842232
-1.4151810691502822,-0.678773515728442,-0.5515799810264925
0.9938596602064987,0.9925783571707368,-0.199927812407756
-0.2106607044718917,0.7354472998016324,0.08075648653203303
-0.7581699611438873,-0.16451140099023315,-0.7736201720878699
1.103361511540898,-0.9359045730975464,-0.3240153450200473
0.9938596602064987,0.2211851850634235,0.8212445878228467
-0.10115885313749257,0.6068817711170802,-0.07839002361626522
-0.5391662584750891,-0.16451140099023315,0.04930964607549346
-1.5246829204846812,-1.0644701017820986,-0.6816169158873183
-0.6486681098094882,-0.2930769296747854,-0.26877089556936967
0.22734670086570485,-0.2930769296747854,-0.0065722393303842995
-0.5391662584750891,-0.16451140099023315,0.660185769808948
0.33684855220010396,1.2497094145398413,2.832355026479246
0.8843578088720997,-0.2930769296747854,0.6912076529620209
-0.7581699611438873,-0.16451140099023315,-0.3261401315373811
-1.4151810691502822,-1.0644701017820986,-0.9259673653807001
-0.7581699611438873,-0.678773515728442,-0.918530612570032
-0.6486681098094882,-0.678773515728442,0.3916127540179614
-1.0866755151470848,-0.678773515728442,-0.649745118127312
-0.8676718124782865,-1.193035630466651,-0.7952929945646742
-0.8676718124782865,-0.16451140099023315,-0.04439343933892514
-0.7581699611438873,0.09261965637887129,0.13536350002751055
-0.3201625558062908,-0.678773515728442,-0.7587466664665337
-0.42966440714069,0.2211851850634235,-0.28810645287710684
1.3223652142096962,-0.42164245835933756,-0.42409278998646716
-0.42966440714069,-0.03594587230568093,0.43793310009583725
0.11784484953130571,-0.2930769296747854,-0.8573367608708199
-0.6486681098094882,-0.16451140099023315,0.35230420344728697
-0.8676718124782865,-1.3216011591512031,-0.9336165968431016
-0.7581699611438873,-0.16451140099023315,-0.25687209107230063
-0.5391662584750891,0.09261965637887129,-0.804217097937476
0.11784484953130571,0.4783162424325279,-0.14702062812614553
0.6653541062033014,-0.678773515728442,-0.8639235990745545
0.5558522548689022,-0.5502079870438897,-0.794018122654274
1.979376322216091,2.9210612874390196,2.6634344983512124
-0.42966440714069,-0.03594587230568093,-0.7326117923033284
0.4463504035345031,-0.8073390444129942,-0.8953704395310941
-0.3201625558062908,0.4783162424325279,-0.5316069877635552
1.7603726195472926,2.0211025866471544,1.373051646374423
0.6653541062033014,-0.16451140099023315,-0.6297721248643747
-0.3201625558062908,-0.678773515728442,-0.10070028204826965
-1.7436866231534796,-1.3216011591512031,-0.8125037653550776
0.11784484953130571,-0.8073390444129942,-0.5951381046318345
-1.6341847718190805,-1.3216011591512031,-0.8722102664921562
-0.6486681098094882,0.2211851850634235,-0.2199008056706933
1.5413689168784945,0.4783162424325279,1.4051359227861626
0.008342998196906572,-0.8073390444129942,-0.4916610012376806
0.9938596602064987,1.6354060005934978,2.725053307353891
-0.10115885313749257,0.4783162424325279,0.386300787724627
0.7748559575377005,-0.678773515728442,-0.8841090709892252
0.008342998196906572,0.9925783571707368,-0.5167334821422189
-0.2106607044718917,-0.16451140099023315,-0.14659567082267877
-0.42966440714069,0.34975071374797573,-0.7139136709507914
-0.9771736638126857,-0.8073390444129942,-0.947427709205771
0.22734670086570485,-0.2930769296747854,1.4790784935893773
0.9938596602064987,-0.678773515728442,0.3161828326526131
0.33684855220010396,-0.5502079870438897,-0.6641936664451815
0.5558522548689022,-0.16451140099023315,-0.20502730004935701
-0.2106607044718917,0.4783162424325279,-0.15743208206108092
0.11784484953130571,0.2211851850634235,-0.8309894080558813
-0.3201625558062908,-0.03594587230568093,-0.24582320118216514
0.008342998196906572,-0.16451140099023315,-0.4865615135960796
0.22734670086570485,-0.5502079870438897,-0.5048346776451499
0.6653541062033014,-0.5502079870438897,-0.8637111204228212
0.4463504035345031,-0.03594587230568093,0.07799426405949915
0.4463504035345031,1.5068404719089457,0.8380304013097833
-0.7581699611438873,-0.2930769296747854,0.6722970529577504
-1.1961773664814839,-0.678773515728442,-0.9253299294255
0.9938596602064987,0.2211851850634235,0.5148503720233192
0.33684855220010396,0.09261965637887129,0.0021393853906840968
-0.3201625558062908,-0.16451140099023315,0.06290827978642949
2.3078818762192883,3.3067578734926766,2.07975564203963
-0.2106607044718917,-0.678773515728442,-0.8069793204100099
1.103361511540898,2.1496681153317065,0.8138078350121786
0.33684855220010396,0.4783162424325279,-0.43662903043873635
1.869874470881692,0.34975071374797573,0.07459460563176515
-0.6486681098094882,-0.2930769296747854,0.6659226934057492
-0.9771736638126857,-1.0644701017820986,-0.6187232349742392
0.11784484953130571,1.121143885855289,-0.23328696072989596
-1.1961773664814839,-0.8073390444129942,-0.3864840686296597
2.3078818762192883,1.5068404719089457,1.9726664015660087
-2.072192177156677,-1.4501666878357553,-1.06004139462446
-0.6486681098094882,-1.193035630466651,-0.7536471788249326
-0.8676718124782865,-0.9359045730975464,-0.8855964215513588
0.8843578088720997,-0.16451140099023315,-0.28661910231497323
-0.10115885313749257,0.4783162424325279,0.0975423000189697
0.6653541062033014,-0.5502079870438897,-0.17591772476188458
-1.0866755151470848,-0.678773515728442,-0.8762473608750903
-0.8676718124782865,-0.03594587230568093,-0.5717654529411632
-0.5391662584750891,-0.9359045730975464,-0.3941333000920612
0.5558522548689022,-0.16451140099023315,-0.7578967518596001
1.103361511540898,-0.5502079870438897,-0.9344665114500351
0.9938596602064987,0.09261965637887129,0.44090780122010453
-0.9771736638126857,-1.0644701017820986,-0.8067668417582765
-0.8676718124782865,-0.03594587230568093,-0.025270360682921343
0.5558522548689022,-0.42164245835933756,-0.5386187832707566
-0.5391662584750891,-0.5502079870438897,0.7232919293737606
0.9938596602064987,1.76397152927805,1.4282960958251005
-1.0866755151470848,-0.2930769296747854,-0.6295596462126413
-0.8676718124782865,-1.3216011591512031,-0.7859439338884057
0.6653541062033014,1.2497094145398413,2.7386519410648273
1.2128633628752972,2.2782336440162587,2.796658612988039
-0.8676718124782865,-1.3216011591512031,-0.8634986417710877
0.9938596602064987,0.34975071374797573,0.17233478542911787
-1.0866755151470848,-0.42164245835933756,-0.3673609899736559
0.22734670086570485,-0.5502079870438897,-0.5526423742851594
1.979376322216091,0.9925783571707368,-0.816115902434545
-0.9771736638126857,-1.3216011591512031,-0.7748950439982701
-0.7581699611438873,-1.3216011591512031,-1.1520446508250117
-1.6341847718190805,-1.3216011591512031,-0.8564868462638864
-0.10115885313749257,-0.16451140099023315,-0.17634268206535134
-0.6486681098094882,-0.16451140099023315,-0.48996117202381356
-0.3201625558062908,-0.2930769296747854,0.6820710709374858
-0.8676718124782865,-0.03594587230568093,-0.9436030934745703
0.008342998196906572,0.6068817711170802,-0.4714755293230099
-0.2106607044718917,-0.9359045730975464,-0.3643862888493887
0.8843578088720997,-0.16451140099023315,-0.12683515621147484
-0.10115885313749257,-0.16451140099023315,-0.5560420327128933
0.33684855220010396,1.3782749432243935,2.192794284761786
-1.1961773664814839,-1.3216011591512031,-0.7585341878148002
-1.0866755151470848,-0.2930769296747854,-0.000622837081849785
1.2128633628752972,1.6354060005934978,2.2673742915202006
0.7748559575377005,-0.16451140099023315,-0.3123290191747117
-0.3201625558062908,-0.8073390444129942,-0.8915458237998933
2.08887817355049,-0.8073390444129942,-0.8320518013145481
-0.10115885313749257,0.09261965637887129,-0.21161413825309167
0.4463504035345031,0.34975071374797573,-0.448315356284072
0.5558522548689022,0.8640128284861845,1.4544309699883058
-0.6486681098094882,-0.42164245835933756,0.017012891012020383
-0.3201625558062908,-0.2930769296747854,0.3399804416467512
-0.6486681098094882,-0.9359045730975464,-0.5364939967534228
-1.1961773664814839,-0.42164245835933756,-0.8411883833390833
0.8843578088720997,0.09261965637887129,-0.23456183264029623
-0.42966440714069,-0.16451140099023315,-0.2158637112877592
-0.9771736638126857,-0.5502079870438897,0.07034503259709764
-0.8676718124782865,-1.3216011591512031,-1.149919864307678
0.22734670086570485,-0.16451140099023315,-0.16295652700614868
-1.0866755151470848,-0.678773515728442,-0.9087565945902967
-0.3201625558062908,0.6068817711170802,-0.16061926183708156
-0.9771736638126857,-0.678773515728442,0.7120305608318916
1.103361511540898,0.6068817711170802,-0.2201132843224267
2.08887817355049,-0.678773515728442,-0.23859892702323035
0.22734670086570485,-0.16451140099023315,-0.28725653827017333
0.11784484953130571,1.121143885855289,-0.9285171092015007
2.3078818762192883,2.2782336440162587,2.4163218263852966
-0.5391662584750891,-0.42164245835933756,-0.8649859923332214
0.11784484953130571,-0.16451140099023315,-0.36799842592885607
1.3223652142096962,2.1496681153317065,2.6895693725144176
0.5558522548689022,0.34975071374797573,-0.3008551719811094
-1.0866755151470848,-1.3216011591512031,-0.7734076934361366
-0.2106607044718917,-0.678773515728442,-0.20014029105948938
-0.9771736638126857,-0.8073390444129942,-0.9261798440324335
-0.6486681098094882,-0.9359045730975464,-0.7304870057859947
-0.10115885313749257,-0.8073390444129942,-0.7846690619780055
-0.3201625558062908,0.34975071374797573,0.7192548349908264
-0.3201625558062908,-0.2930769296747854,0.4515317338067733
-1.1961773664814839,-0.42164245835933756,-0.7725577788292031
-0.8676718124782865,-0.678773515728442,-0.240086277585364
-0.5391662584750891,-0.2930769296747854,0.03486109775762392
-0.6486681098094882,-0.16451140099023315,-0.31870337872671295
-0.9771736638126857,-0.678773515728442,-0.8787971046958908
0.11784484953130571,1.121143885855289,-0.7744700866948034
-0.2106607044718917,-0.16451140099023315,-0.27599516972830446
-1.0866755151470848,-0.5502079870438897,-0.5095092079832841
-0.5391662584750891,-0.42164245835933756,0.674846796778551
-0.6486681098094882,-0.16451140099023315,-0.18824148656242037
1.7603726195472926,0.4783162424325279,0.8382428799615167
1.869874470881692,-0.2930769296747854,-0.7661834192772018
-0.42966440714069,-0.2930769296747854,-0.11366147980400555
0.6653541062033014,-0.16451140099023315,0.21398060116885947
0.11784484953130571,-0.5502079870438897,-0.7462104260142645
1.979376322216091,3.049626816123572,2.790496732087771
-0.6486681098094882,-1.3216011591512031,-1.1418456755418096
0.22734670086570485,1.2497094145398413,1.452943619426172
0.5558522548689022,1.121143885855289,-0.4612765540398079
-0.6486681098094882,0.2211851850634235,0.9621179339220747
1.869874470881692,-0.2930769296747854,-0.4383288596526033
-1.4151810691502822,-0.9359045730975464,-0.4007201382957959
-1.5246829204846812,-0.8073390444129942,-0.8193030822105456
0.33684855220010396,-0.16451140099023315,-0.03823155843865725
0.33684855220010396,0.4783162424325279,-0.17549276745841783
-1.3056792178158831,-0.678773515728442,-0.9170432620078983
-0.7581699611438873,0.09261965637887129,-0.5853640866520992
-1.3056792178158831,-0.5502079870438897,-0.5367064754051563
1.103361511540898,1.76397152927805,0.45259412706544017
-0.42966440714069,-1.3216011591512031,-0.9550769406681726
0.11784484953130571,0.6068817711170802,-0.4383288596526033
-0.6486681098094882,-1.0644701017820986,-0.7300620484825279
0.11784484953130571,-0.16451140099023315,-0.2511351674754995
0.5558522548689022,-0.2930769296747854,-0.2322245674712291
0.4463504035345031,0.09261965637887129,-0.7906184642265399
1.103361511540898,0.34975071374797573,1.1588731654271804
-0.2106607044718917,-0.8073390444129942,-0.8165408597380117
-1.6341847718190805,-0.9359045730975464,-0.6646186237486482
-0.2106607044718917,-0.16451140099023315,-0.29851790681204227
-0.42966440714069,-0.16451140099023315,-0.34526321019338485
-0.5391662584750891,-0.678773515728442,-0.7789321383812043
0.33684855220010396,-0.42164245835933756,-0.8705104372782891
-0.5391662584750891,-1.0644701017820986,-0.8996200125657616
0.22734670086570485,0.8640128284861845,-0.508871772028084
0.11784484953130571,1.121143885855289,1.4242590014421663
-0.5391662584750891,0.34975071374797573,0.8327184350164489
0.008342998196906572,0.6068817711170802,1.5385725160747223
-1.3056792178158831,-0.678773515728442,-0.339101329293117
1.6508707682128936,0.6068817711170802,-0.6418834080131771
0.7748559575377005,-0.678773515728442,-0.8641360777262879
-1.7436866231534796,-1.193035630466651,-0.8760348822233569
0.22734670086570485,1.2497094145398413,2.746938608482429
-1.5246829204846812,-1.3216011591512031,-1.0013972867460486
-0.10115885313749257,-0.16451140099023315,0.2424527405011318
-0.10115885313749257,0.8640128284861845,-0.2915061113048409
2.08887817355049,0.2211851850634235,-0.041843695518124634
-0.8676718124782865,-0.9359045730975464,-0.364598767501122
0.5558522548689022,1.6354060005934978,2.629862871377339
2.08887817355049,0.34975071374797573,-0.8847465069444252
0.4463504035345031,1.2497094145398413,1.501601230673115
-0.3201625558062908,-0.42164245835933756,0.04442263708562583
-0.10115885313749257,0.4783162424325279,-0.2330744820781626
0.4463504035345031,0.34975071374797573,0.5174001158441197
-0.5391662584750891,-0.9359045730975464,-0.8634986417710877
-0.2106607044718917,-0.2930769296747854,0.49593977201904876
0.11784484953130571,-0.16451140099023315,-0.24646063713736524
1.4318670655440953,0.09261965637887129,0.047822295513359835
-0.10115885313749257,-0.42164245835933756,0.03167391798162329
0.8843578088720997,-0.42164245835933756,-0.35121261244191937
0.33684855220010396,-0.42164245835933756,-0.7848815406297388
-0.2106607044718917,-0.16451140099023315,-0.17294302363761732
0.33684855220010396,1.121143885855289,-0.9565642912303062
-0.2106607044718917,-0.9359045730975464,-0.7491851271385317
-0.8676718124782865,-0.16451140099023315,-0.5265075001219541
-0.8676718124782865,-0.8073390444129942,-0.5775023765379643
1.4318670655440953,1.121143885855289,0.9245092125652672
0.22734670086570485,1.2497094145398413,1.17459658565545
-0.6486681098094882,-0.16451140099023315,0.7294538102740284
-1.1961773664814839,-0.8073390444129942,-0.7515223923075989
-0.10115885313749257,0.7354472998016324,-0.8354514597422822
0.22734670086570485,-0.2930769296747854,0.7411401361193641
-1.0866755151470848,-0.678773515728442,-0.07669019440239822
1.3223652142096962,0.7354472998016324,-0.2364741405058966
-0.3201625558062908,-0.678773515728442,-0.44597809111500486
