Record_ID,Age,BusinessTravel,DailyRate,Department,DistanceFromHome,Education,EducationField,EmployeeCount,EmployeeNumber,EnvironmentSatisfaction,Gender,HourlyRate,JobInvolvement,JobLevel,JobRole,JobSatisfaction,MaritalStatus,MonthlyIncome,MonthlyRate,NumCompaniesWorked,Over18,OverTime,PercentSalaryHike,PerformanceRating,RelationshipSatisfaction,StandardHours,StockOptionLevel,TotalWorkingYears,TrainingTimesLastYear,WorkLifeBalance,YearsAtCompany,YearsInCurrentRole,YearsSinceLastPromotion,YearsWithCurrManager,Attrition,IsolationForest_Prediction,Anomaly_Label,Anomaly_Score,Anomaly_Status
919,1.5413689168784943,1,-1.4018968955940512,2,-0.0237554881710714,0.0850492518807105,1,0.0,0.4272621294803774,1.1697805251007627,1,0.841866587908176,0.3796721288811475,2.6533089938931025,3,-0.6608531809232983,0,2.835329727603513,0.6862468561768132,0.523315742874663,0,1,2.4026276827005915,2.346151056253851,-1.584178240646517,0.0,0.241988311858558,2.535364701385363,1.707499689688721,-1.0778621289498782,3.5908317068185576,1.5932911412551394,2.7355886789461965,1.6476026994959998,0,-1,1,0.6207940731814171,Anomaly
1302,2.3078818762192883,0,-1.1217583435490597,2,-0.8875151110697495,0.0850492518807105,3,0.0,1.3278643418315526,-0.6605306743650393,1,-0.6835354165043717,0.3796721288811475,1.7496101475022634,3,-0.6608531809232983,0,2.07975564203963,1.1614157592783645,0.523315742874663,0,0,1.855984331273588,2.346151056253851,1.1914379855160335,0.0,0.241988311858558,3.3067578734926766,-2.171981830933257,-1.0778621289498782,1.4681889848035046,1.3171933011460917,3.666879868860719,2.7690176633849317,0,-1,1,0.613211380589273,Anomaly
106,2.417383727553688,0,1.5308810430716568,0,-0.8875151110697495,1.0617867539482455,0,0.0,-1.470316701709737,0.2546249253678617,0,-1.6676657419318217,-1.0261667362455194,2.6533089938931025,3,1.153253590238697,1,2.6222136399149374,1.069361446491758,2.5255909693862573,0,0,1.5826626555600865,2.346151056253851,1.1914379855160335,0.0,0.241988311858558,2.406799172700811,0.1557070814399298,0.3380961637724818,-0.6544537372115486,-0.6154915796172451,-0.0582848907973714,-0.5952272282818631,0,-1,1,0.6117196695940662,Anomaly
596,2.3078818762192883,2,-1.2804208863002051,1,-0.8875151110697495,1.0617867539482455,1,0.0,-0.3321017285352813,1.1697805251007627,1,-1.7168722582031943,0.3796721288811475,2.6533089938931025,5,-0.6608531809232983,2,2.7076300579117545,1.6088980980761576,1.7246808787816197,0,1,-0.8772324258614291,-0.4262300150429028,1.1914379855160335,0.0,-0.9320143892374164,3.692454459546333,-0.6201892226844657,0.3380961637724818,3.917392125590105,2.97378034180038,3.3564494722225446,1.086895217551534,1,-1,1,0.6064229001543946,Anomaly
172,-1.9626903258222776,1,-0.4970245814664236,2,-1.010909342912418,-1.86842575225436,5,0.0,-1.3124620703935717,0.2546249253678617,0,1.6783773645215088,-2.432005601372186,-0.9614863916702532,8,-1.5679065665042955,2,-0.8877212080686926,0.938236753621676,-1.0785044383346123,0,0,1.5826626555600865,2.346151056253851,-1.584178240646517,0.0,-0.9320143892374164,-1.3216011591512031,1.707499689688721,1.754054456494842,-1.1442943653688686,-1.1676872598353414,-0.6791456840737199,-1.1559347102263289,1,-1,1,0.6004699642549739,Anomaly
238,1.6508707682128936,0,-0.0780563045141796,2,-0.8875151110697495,1.0617867539482455,1,0.0,-1.1562690667754711,-1.5756862740979405,1,0.645040522822686,-1.0261667362455194,2.6533089938931025,3,0.2462002046576992,2,2.669808857903213,0.943998931979311,-0.6780493930322936,0,1,0.7626976284195812,-0.4262300150429028,1.1914379855160335,0.0,-0.9320143892374164,2.7924957587544674,-0.6201892226844657,1.754054456494842,4.243952544361651,0.7649976209279952,3.977310265498893,2.2083101814404653,0,-1,1,0.59851326090539,Anomaly
862,0.9938596602064989,2,1.486257202922897,2,-0.8875151110697495,0.0850492518807105,2,0.0,0.2976551690313153,0.2546249253678617,0,0.1529753601089609,0.3796721288811475,1.7496101475022634,3,-1.5679065665042955,1,2.2406019814017952,1.375037981317512,2.1251359240839385,0,0,2.1293060069870897,2.346151056253851,-1.584178240646517,0.0,-0.9320143892374164,2.1496681153317065,-0.6201892226844657,0.3380961637724818,3.1009910786612376,2.97378034180038,3.977310265498893,1.3672489585237668,0,-1,1,0.5950604366538808,Anomaly
127,2.3078818762192883,2,-1.6250160963378495,1,1.7037637576262843,1.0617867539482455,3,0.0,-1.4287760092581143,1.1697805251007627,0,1.3831382668932737,0.3796721288811475,0.8459113011114247,0,1.153253590238697,1,0.8093457833257777,-1.5246026009928115,-0.6780493930322936,0,0,-0.8772324258614291,-0.4262300150429028,1.1914379855160335,0.0,0.241988311858558,3.692454459546333,0.1557070814399298,-1.0778621289498782,5.386914010062064,1.5932911412551394,3.977310265498893,0.5261877356070683,1,-1,1,0.5942659572475554,Anomaly
915,1.979376322216091,0,-1.5506430294232505,1,-0.1471497200137397,-1.86842575225436,3,0.0,0.4206156186881178,1.1697805251007627,1,-1.4216331605749593,-1.0261667362455194,1.7496101475022634,0,-0.6608531809232983,0,1.5030885812352488,1.5851466799678575,-0.6780493930322936,0,1,-0.0572673987209239,-0.4262300150429028,1.1914379855160335,0.0,0.241988311858558,2.92106128743902,0.1557070814399298,0.3380961637724818,4.243952544361651,1.3171933011460917,3.977310265498893,-1.1559347102263289,0,-1,1,0.5933411286076137,Anomaly
876,0.7748559575377005,2,-1.493623678122057,1,2.4441291486822943,1.0617867539482455,4,0.0,0.3325493506906781,1.1697805251007627,1,-1.6676657419318217,0.3796721288811475,-0.0577875452794142,6,1.153253590238697,2,-0.4168685158275324,-0.9232279377655008,-0.6780493930322936,0,0,2.675949358414093,2.346151056253851,-0.6589728319256667,0.0,-0.9320143892374164,1.121143885855289,0.1557070814399298,0.3380961637724818,2.1213098223465976,1.8693889813641875,3.3564494722225446,3.6100788863016295,0,-1,1,0.5910895043912139,Anomaly
747,0.4463504035345031,0,-1.3771058732891848,1,-0.270543951856408,-1.86842575225436,1,0.0,0.0168400880583474,-0.6605306743650393,0,-0.5359158676902541,-2.432005601372186,2.6533089938931025,5,0.2462002046576992,0,2.862102037721918,0.8391553940574662,-0.6780493930322936,0,0,1.855984331273588,2.346151056253851,-0.6589728319256667,0.0,1.4159910129545328,1.2497094145398413,0.1557070814399298,0.3380961637724818,2.284590031732371,3.249878181909428,0.8730062991171511,1.6476026994959998,0,-1,1,0.5908713574087211,Anomaly
545,1.103361511540898,1,-1.4514789402037842,2,-0.7641208792270812,0.0850492518807105,3,0.0,-0.4633703166824083,1.1697805251007627,0,-0.8311549653184892,0.3796721288811475,1.7496101475022634,7,0.2462002046576992,0,1.54409696101979,-0.5745458766608134,2.5255909693862573,0,1,-0.8772324258614291,-0.4262300150429028,1.1914379855160335,0.0,1.4159910129545328,2.1496681153317065,-0.6201892226844657,-1.0778621289498782,2.447870241118145,-0.6154915796172451,2.7355886789461965,2.488663922412698,0,-1,1,0.5895133707507676,Anomaly
64,2.417383727553688,2,1.5680675765289565,2,1.950552221311621,0.0850492518807105,1,0.0,-1.568352735895566,-1.5756862740979405,0,1.629170848250136,0.3796721288811475,0.8459113011114247,7,-1.5679065665042955,2,0.2409653899389981,-1.680743580391162,1.7246808787816197,0,0,-1.1505541015749308,-0.4262300150429028,1.1914379855160335,0.0,-0.9320143892374164,2.1496681153317065,0.1557070814399298,-1.0778621289498782,2.284590031732371,3.249878181909428,1.4938670923934996,1.3672489585237668,0,-1,1,0.5881506552097806,Anomaly
179,0.9938596602064989,2,-0.6854363509834092,2,-1.010909342912418,-0.8916882501868245,2,0.0,-1.2975074211109874,-0.6605306743650393,0,1.2847252343505289,0.3796721288811475,0.8459113011114247,7,-1.5679065665042955,0,0.8393052732201837,-1.7112409634059615,-0.6780493930322936,0,0,2.675949358414093,2.346151056253851,0.2662325767951835,0.0,2.5899937140505074,1.6354060005934978,-0.6201892226844657,0.3380961637724818,2.774430659889691,2.421584661582284,3.977310265498893,0.8065414765793012,0,-1,1,0.5874590110129213,Anomaly
111,1.5413689168784943,1,1.620128723369176,1,-1.010909342912418,1.0617867539482455,3,0.0,-1.4620085632194124,-1.5756862740979405,0,-1.7660787744745667,-1.0261667362455194,0.8459113011114247,0,-1.5679065665042955,2,0.2084561562237917,1.61381703082048,0.1228606975723441,0,0,1.3093409798465847,2.346151056253851,0.2662325767951835,0.0,-0.9320143892374164,1.5068404719089457,-1.3960855268088614,-1.0778621289498782,0.9783483566461848,2.145486821473236,3.0460190755843706,1.086895217551534,0,-1,1,0.5865766956091177,Anomaly
195,0.8843578088720997,0,0.9730830412121604,1,-0.8875151110697495,-0.8916882501868245,3,0.0,-1.2642748671496895,-1.5756862740979405,1,-0.043850704976529,-1.0261667362455194,1.7496101475022634,3,1.153253590238697,1,2.186207446558051,0.8641716805857348,2.5255909693862573,0,0,2.1293060069870897,2.346151056253851,1.1914379855160335,0.0,0.241988311858558,1.3782749432243937,-1.3960855268088614,0.3380961637724818,2.1213098223465976,1.041095461037043,2.7355886789461965,1.086895217551534,0,-1,1,0.5833212446463477,Anomaly
1059,-0.3201625558062908,2,-0.0309533621349332,2,1.827157989468953,1.0617867539482455,3,0.0,0.7712190629798115,-1.5756862740979405,0,-1.2740136117608418,-1.0261667362455194,-0.0577875452794142,7,-0.6608531809232983,2,-0.4045447540269966,-0.9132495313413038,-1.0785044383346123,0,1,2.1293060069870897,2.346151056253851,0.2662325767951835,0.0,-0.9320143892374164,0.6068817711170802,-0.6201892226844657,1.754054456494842,1.304908775417731,1.3171933011460917,2.4251582823080224,1.6476026994959998,1,-1,1,0.5829632722737506,Anomaly
1222,0.8843578088720997,0,1.0796844371230865,1,-1.010909342912418,-1.86842575225436,1,0.0,1.141762039648284,0.2546249253678617,1,0.3990079414658235,-1.0261667362455194,0.8459113011114247,0,0.2462002046576992,1,0.9019864754815294,-1.5344404664814566,0.1228606975723441,0,0,2.1293060069870897,2.346151056253851,1.1914379855160335,0.0,0.241988311858558,1.76397152927805,0.1557070814399298,-1.0778621289498782,2.6111504505039176,2.97378034180038,3.666879868860719,-0.0345197463373974,0,-1,1,0.5825030445066808,Anomaly
839,0.5558522548689022,1,-0.7969959513553084,2,0.3464272073569334,0.0850492518807105,1,0.0,0.236174944202914,0.2546249253678617,1,-1.0771875466753518,0.3796721288811475,1.7496101475022634,7,-1.5679065665042955,2,1.5415472171989897,-1.6676732733848196,-1.0785044383346123,0,1,-0.8772324258614291,-0.4262300150429028,-0.6589728319256667,0.0,-0.9320143892374164,1.3782749432243937,-0.6201892226844657,-1.0778621289498782,2.284590031732371,1.3171933011460917,3.3564494722225446,2.7690176633849317,1,-1,1,0.582368776843444,Anomaly
750,1.6508707682128936,2,-1.3300029309099384,2,-0.8875151110697495,-1.86842575225436,2,0.0,0.021824971152542,-1.5756862740979405,0,-0.4375028351475091,-2.432005601372186,2.6533089938931025,3,1.153253590238697,1,2.8349047703000463,1.6208440775980837,-0.6780493930322936,0,0,-0.0572673987209239,-0.4262300150429028,1.1914379855160335,0.0,0.241988311858558,2.7924957587544674,0.1557070814399298,0.3380961637724818,4.080672334975878,2.6976825016913315,1.1834366957553253,1.3672489585237668,1,-1,1,0.5817239501538368,Anomaly
1087,1.4318670655440953,1,-1.1639030814673328,1,1.5803695257836163,2.038524256015781,3,0.0,0.8543004478830564,0.2546249253678617,1,1.0878991692650386,-2.432005601372186,1.7496101475022634,5,1.153253590238697,2,1.680295776780884,1.424648931567393,-0.6780493930322936,0,1,-0.6039107501479274,-0.4262300150429028,1.1914379855160335,0.0,-0.9320143892374164,2.6639302300699157,-0.6201892226844657,0.3380961637724818,4.080672334975878,0.4888997808189471,3.3564494722225446,1.3672489585237668,0,-1,1,0.5816939011044587,Anomaly
893,-1.9626903258222776,0,-0.7399766000541155,1,0.0996387436715968,0.0850492518807105,3,0.0,0.3707667877461708,-1.5756862740979405,0,1.4815512994360187,-1.0261667362455194,-0.9614863916702532,6,-0.6608531809232983,2,-0.9867362597764456,-1.147531270906606,-0.6780493930322936,0,1,2.675949358414093,2.346151056253851,-0.6589728319256667,0.0,-0.9320143892374164,-1.3216011591512031,-0.6201892226844657,1.754054456494842,-0.9810141559830952,-0.8915894197262932,-0.6791456840737199,-1.1559347102263289,1,-1,1,0.5814125057650905,Anomaly
428,2.526885578888087,1,1.726730119280102,2,2.320734916839626,0.0850492518807105,2,0.0,-0.7508319084476358,0.2546249253678617,0,0.6942470390940585,-1.0261667362455194,0.8459113011114247,7,-1.5679065665042955,1,0.7995717653460424,-1.6117379810350954,0.523315742874663,0,0,1.036019304133083,-0.4262300150429028,1.1914379855160335,0.0,-0.9320143892374164,1.3782749432243937,1.707499689688721,1.754054456494842,1.794749403575051,2.421584661582284,3.3564494722225446,1.9279564404682328,0,-1,1,0.5812750529838092,Anomaly
1224,1.103361511540898,1,0.7202146137025219,2,-0.0237554881710714,0.0850492518807105,1,0.0,1.1484085504405437,0.2546249253678617,1,0.7926600716368035,-2.432005601372186,1.7496101475022634,7,0.2462002046576992,1,1.366889765474155,1.3844542239995006,1.7246808787816197,0,0,-1.1505541015749308,-0.4262300150429028,0.2662325767951835,0.0,-0.9320143892374164,1.76397152927805,0.1557070814399298,-2.4938204216722384,2.6111504505039176,0.212801940709899,3.666879868860719,1.6476026994959998,1,-1,1,0.5805440491524934,Anomaly
412,2.526885578888087,2,-0.9432629829540208,1,-0.270543951856408,0.0850492518807105,1,0.0,-0.7907109732011933,-1.5756862740979405,0,-1.2248070954894692,0.3796721288811475,2.6533089938931025,3,-1.5679065665042955,1,2.7756232264664344,-1.469932177063056,0.9237707881769818,0,0,-1.1505541015749308,-0.4262300150429028,1.1914379855160335,0.0,-0.9320143892374164,2.7924957587544674,1.707499689688721,-2.4938204216722384,3.5908317068185576,1.041095461037043,2.7355886789461965,1.6476026994959998,0,-1,1,0.5800271720360799,Anomaly
923,0.7748559575377005,2,0.982999450134107,1,-0.6407266473844129,-0.8916882501868245,1,0.0,0.4372318956687667,0.2546249253678617,1,1.2847252343505289,1.7855109940078144,2.6533089938931025,3,-1.5679065665042955,0,2.6957312534146856,0.4446569879628036,-0.6780493930322936,0,0,-0.3305890744344257,-0.4262300150429028,1.1914379855160335,0.0,1.4159910129545328,1.8925370579626024,0.9316033855643254,-1.0778621289498782,2.9377108692754645,1.3171933011460917,3.666879868860719,2.488663922412698,0,-1,1,0.5791307829491419,Anomaly
1448,-0.1011588531374925,0,-1.2432343528429055,2,0.7166099028849382,1.0617867539482455,2,0.0,1.680129413821311,1.1697805251007627,1,1.0878991692650386,-2.432005601372186,-0.0577875452794142,7,1.153253590238697,0,-0.2330744820781626,-0.5448917392593264,-0.6780493930322936,0,0,2.4026276827005915,2.346151056253851,-1.584178240646517,0.0,0.241988311858558,0.4783162424325279,0.9316033855643254,-1.0778621289498782,1.304908775417731,2.145486821473236,2.7355886789461965,1.9279564404682328,0,-1,1,0.5787115688802678,Anomaly
46,0.4463504035345031,2,1.3821349092424575,1,0.3464272073569334,0.0850492518807105,5,0.0,-1.6065701729510586,-0.6605306743650393,0,-0.8311549653184892,0.3796721288811475,2.6533089938931025,5,0.2462002046576992,1,2.7711611747800338,0.2764294881069749,-0.6780493930322936,0,0,-0.8772324258614291,-0.4262300150429028,1.1914379855160335,0.0,-0.9320143892374164,1.5068404719089457,-2.171981830933257,0.3380961637724818,2.447870241118145,2.97378034180038,3.977310265498893,1.086895217551534,1,-1,1,0.5776881309180366,Anomaly
1402,1.979376322216091,2,-1.5208938026574104,0,2.073946453154289,1.0617867539482455,0,0.0,1.5754468688432224,0.2546249253678617,1,0.251388392651706,1.7855109940078144,2.6533089938931025,3,-0.6608531809232983,1,2.790496732087771,1.615925144853761,0.523315742874663,0,1,0.7626976284195812,-0.4262300150429028,-1.584178240646517,0.0,0.241988311858558,3.049626816123572,-2.171981830933257,0.3380961637724818,0.4885077284888646,1.3171933011460917,-0.3687152874355457,-0.0345197463373974,0,-1,1,0.5772081513907469,Anomaly
914,0.8843578088720997,2,1.6027750077557696,2,-0.8875151110697495,0.0850492518807105,2,0.0,0.4189539909900528,-1.5756862740979405,0,1.3831382668932737,-2.432005601372186,2.6533089938931025,3,-0.6608531809232983,2,2.61796406688027,-1.6612083903494244,-0.2775943477299747,0,1,0.2160542769925777,-0.4262300150429028,-1.584178240646517,0.0,-0.9320143892374164,1.8925370579626024,-0.6201892226844657,0.3380961637724818,2.774430659889691,1.5932911412551394,-0.3687152874355457,1.9279564404682328,1,-1,1,0.576578936342667,Anomaly
113,1.869874470881692,0,-1.6374116074902831,0,2.073946453154289,0.0850492518807105,0,0.0,-1.4570236801252177,1.1697805251007627,0,-1.7660787744745667,1.7855109940078144,1.7496101475022634,3,1.153253590238697,2,2.3000960038871403,-0.0621336256379634,-0.2775943477299747,0,1,-0.8772324258614291,-0.4262300150429028,0.2662325767951835,0.0,-0.9320143892374164,1.5068404719089457,0.1557070814399298,0.3380961637724818,-0.3278933184400019,-0.339393739508197,0.5625759024789769,-0.0345197463373974,0,-1,1,0.5760177509332288,Anomaly
707,0.3368485522001039,0,1.677148074670369,2,1.827157989468953,0.0850492518807105,1,0.0,-0.0645796691468326,-0.6605306743650393,0,1.6783773645215088,1.7855109940078144,1.7496101475022634,7,-0.6608531809232983,2,1.421709257621366,0.3875973681286629,0.523315742874663,0,1,0.2160542769925777,-0.4262300150429028,1.1914379855160335,0.0,-0.9320143892374164,1.3782749432243937,-0.6201892226844657,-1.0778621289498782,-0.9810141559830952,-1.1676872598353414,-0.6791456840737199,-1.1559347102263289,1,-1,1,0.5748624364806901,Anomaly
441,-0.3201625558062908,1,0.4599088795014236,0,1.7037637576262843,0.0850492518807105,0,0.0,-0.7225842375805326,-0.6605306743650393,0,-1.1263940629467242,0.3796721288811475,0.8459113011114247,1,-1.5679065665042955,0,0.7324285113982957,-0.3907183329587048,2.5255909693862573,0,1,-0.0572673987209239,-0.4262300150429028,0.2662325767951835,0.0,2.5899937140505074,-0.0359458723056809,-0.6201892226844657,0.3380961637724818,-0.6544537372115486,-0.6154915796172451,-0.6791456840737199,-0.5952272282818631,1,-1,1,0.5732926357246947,Anomaly
27,-0.5391662584750891,1,0.7995458850780948,1,0.8400041347276065,-1.86842575225436,1,0.0,-1.648110865402681,-0.6605306743650393,0,0.3005949089230785,-2.432005601372186,-0.9614863916702532,6,-1.5679065665042955,2,-0.549030237205692,-1.3537048233614937,-0.6780493930322936,0,1,1.855984331273588,2.346151056253851,-0.6589728319256667,0.0,-0.9320143892374164,-0.1645114009902331,1.707499689688721,0.3380961637724818,0.4885077284888646,-0.6154915796172451,1.1834366957553253,0.8065414765793012,1,-1,1,0.5731624210003456,Anomaly
1117,1.979376322216091,2,-0.2912590963360316,2,2.073946453154289,2.038524256015781,2,0.0,0.9191039281075876,0.2546249253678617,1,-0.2898832863333916,-1.0261667362455194,2.6533089938931025,3,1.153253590238697,1,2.7798727995011023,1.226064589632317,-0.6780493930322936,0,0,1.5826626555600865,2.346151056253851,0.2662325767951835,0.0,0.241988311858558,3.1781923448081244,0.1557070814399298,0.3380961637724818,4.733793172518971,0.4888997808189471,-0.0582848907973714,2.488663922412698,0,-1,1,0.5726676318048577,Anomaly
503,1.7603726195472926,2,-1.3994177933635643,2,-1.010909342912418,-1.86842575225436,3,0.0,-0.5697144893585618,1.1697805251007627,0,-1.569252709389077,0.3796721288811475,-0.0577875452794142,7,-1.5679065665042955,2,0.3990495068286295,-0.9565361394913416,1.7246808787816197,0,0,1.3093409798465847,2.346151056253851,1.1914379855160335,0.0,-0.9320143892374164,0.8640128284861845,-0.6201892226844657,1.754054456494842,1.141628566031958,0.7649976209279952,1.8042974890316736,1.6476026994959998,0,-1,1,0.5722191362288565,Anomaly
1079,0.7748559575377005,2,-1.652286220873203,1,2.320734916839626,0.0850492518807105,1,0.0,0.827714404714018,1.1697805251007627,1,-1.6676657419318217,0.3796721288811475,1.7496101475022634,5,-1.5679065665042955,1,2.0876173521537646,1.0907236686956727,0.1228606975723441,0,0,-0.6039107501479274,-0.4262300150429028,0.2662325767951835,0.0,0.241988311858558,1.6354060005934978,-1.3960855268088614,1.754054456494842,2.1213098223465976,0.4888997808189471,3.666879868860719,3.6100788863016295,0,-1,1,0.571305031801795,Anomaly
120,0.6653541062033014,1,-1.012677845407647,2,2.073946453154289,-0.8916882501868245,1,0.0,-1.4404074031445688,0.2546249253678617,1,1.2847252343505289,0.3796721288811475,1.7496101475022634,3,1.153253590238697,1,2.2216913813975245,0.7281280549713303,-0.6780493930322936,0,1,-0.8772324258614291,-0.4262300150429028,1.1914379855160335,0.0,1.4159910129545328,1.76397152927805,0.1557070814399298,1.754054456494842,2.9377108692754645,2.145486821473236,0.5625759024789769,2.2083101814404653,0,-1,1,0.5711371125692124,Anomaly
1007,1.3223652142096962,1,1.6672316657484223,1,2.320734916839626,-0.8916882501868245,1,0.0,0.6565667518133333,-1.5756862740979405,1,1.5307578157073911,-1.0261667362455194,-0.0577875452794142,2,-1.5679065665042955,2,-0.4714755293230099,1.1801077037067895,0.1228606975723441,0,0,1.3093409798465847,2.346151056253851,-1.584178240646517,0.0,-0.9320143892374164,1.121143885855289,-0.6201892226844657,0.3380961637724818,-0.4911735278257753,-0.339393739508197,-0.3687152874355457,-0.3148734873096303,1,-1,1,0.5709525898684145,Anomaly
749,-1.196177366481484,0,-1.332482033140425,2,2.4441291486822943,-0.8916882501868245,3,0.0,0.0201633434544771,-0.6605306743650393,1,0.645040522822686,-2.432005601372186,-0.0577875452794142,7,-1.5679065665042955,2,-0.3259276528856477,1.0540424845165823,2.1251359240839385,0,0,0.7626976284195812,-0.4262300150429028,1.1914379855160335,0.0,-0.9320143892374164,-0.5502079870438897,2.4833959938131165,0.3380961637724818,-0.8177339465973219,-0.6154915796172451,-0.0582848907973714,-0.5952272282818631,1,-1,1,0.5698508271177428,Anomaly
1269,1.7603726195472926,0,-0.3507575498677112,1,-1.010909342912418,1.0617867539482455,3,0.0,1.2464445846263723,-1.5756862740979405,0,-0.2898832863333916,-1.0261667362455194,1.7496101475022634,4,0.2462002046576992,1,1.373051646374423,1.1236102476148573,0.523315742874663,0,1,1.3093409798465847,2.346151056253851,1.1914379855160335,0.0,2.5899937140505074,2.0211025866471544,-0.6201892226844657,-1.0778621289498782,-0.6544537372115486,-0.6154915796172451,-0.6791456840737199,-0.5952272282818631,0,-1,1,0.5697663570332128,Anomaly
121,-0.7581699611438873,1,1.2631380021790986,1,1.7037637576262843,0.0850492518807105,1,0.0,-1.4387457754465038,-1.5756862740979405,1,1.4815512994360187,-2.432005601372186,-0.9614863916702532,6,0.2462002046576992,0,-0.8265273563694804,1.1238913294859614,-0.6780493930322936,0,0,2.675949358414093,2.346151056253851,0.2662325767951835,0.0,2.5899937140505074,-0.1645114009902331,-0.6201892226844657,-1.0778621289498782,0.4885077284888646,0.7649976209279952,-0.6791456840737199,1.3672489585237668,0,-1,1,0.5692897342709423,Anomaly
654,1.4318670655440953,0,0.1946449408393519,1,-0.8875151110697495,1.0617867539482455,1,0.0,-0.1991715126900894,-1.5756862740979405,1,1.5799643319787635,0.3796721288811475,1.7496101475022634,3,-1.5679065665042955,0,2.426733280320232,-1.3729589315321271,-0.6780493930322936,0,0,-1.1505541015749308,-0.4262300150429028,1.1914379855160335,0.0,0.241988311858558,2.535364701385363,0.1557070814399298,0.3380961637724818,3.917392125590105,0.4888997808189471,3.666879868860719,0.8065414765793012,0,-1,1,0.5690801237735844,Anomaly
287,0.7748559575377005,1,0.2913299278283313,1,1.827157989468953,0.0850492518807105,1,0.0,-1.0515865217973823,1.1697805251007627,1,-1.1263940629467242,0.3796721288811475,-0.9614863916702532,2,0.2462002046576992,0,-0.7100890552195906,0.7879984935165124,0.1228606975723441,0,1,1.855984331273588,2.346151056253851,1.1914379855160335,0.0,0.241988311858558,0.9925783571707368,-2.171981830933257,-2.4938204216722384,-0.9810141559830952,-1.1676872598353414,-0.6791456840737199,-1.1559347102263289,1,-1,1,0.5689717465139218,Anomaly
957,2.08887817355049,2,-1.4787490647391377,0,-0.1471497200137397,1.0617867539482455,1,0.0,0.5203132805720118,1.1697805251007627,1,1.629170848250136,0.3796721288811475,2.6533089938931025,3,-0.6608531809232983,2,2.8077075028781744,-1.446321299890308,1.324225833479301,0,0,-0.3305890744344257,-0.4262300150429028,-1.584178240646517,0.0,-0.9320143892374164,3.1781923448081244,0.9316033855643254,0.3380961637724818,-0.0013328996684553,-0.339393739508197,1.4938670923934996,0.8065414765793012,0,-1,1,0.5683643313065853,Anomaly
206,-0.8676718124782865,2,-1.6894727543305028,2,2.197340684996958,0.0850492518807105,2,0.0,-1.2327039408864564,-0.6605306743650393,0,-1.5200461931177045,0.3796721288811475,0.8459113011114247,7,1.153253590238697,1,0.2413903472424649,1.435189501733798,-0.6780493930322936,0,0,1.855984331273588,2.346151056253851,1.1914379855160335,0.0,2.5899937140505074,-0.1645114009902331,0.1557070814399298,-1.0778621289498782,0.4885077284888646,-0.063295899399149,-0.3687152874355457,1.3672489585237668,1,-1,1,0.5680794629226544,Anomaly
814,0.2273467008657048,1,-1.4861863714305974,1,-0.8875151110697495,0.0850492518807105,1,0.0,0.169709836280318,-1.5756862740979405,1,0.8910731041795485,0.3796721288811475,1.7496101475022634,0,1.153253590238697,0,1.203918639594656,-0.1076688887568344,1.7246808787816197,0,0,-1.1505541015749308,-0.4262300150429028,1.1914379855160335,0.0,2.5899937140505074,1.2497094145398413,0.9316033855643254,0.3380961637724818,1.794749403575051,0.7649976209279952,2.7355886789461965,0.2458339946348354,1,-1,1,0.5667977189459402,Anomaly
1187,-0.2106607044718917,1,0.1921658386088653,2,0.3464272073569334,1.0617867539482455,4,0.0,1.0669887932353634,1.1697805251007627,1,-1.4708396768463317,0.3796721288811475,-0.0577875452794142,7,1.153253590238697,2,-0.4083693697581974,-0.547983639841472,0.1228606975723441,0,1,2.4026276827005915,2.346151056253851,-1.584178240646517,0.0,-0.9320143892374164,0.2211851850634235,-0.6201892226844657,1.754054456494842,0.651787937874638,1.3171933011460917,1.1834366957553253,0.8065414765793012,1,-1,1,0.5645411953232984,Anomaly
402,2.08887817355049,1,0.2566224966015182,2,-0.3939381836990763,0.0850492518807105,1,0.0,-0.8189586440682967,0.2546249253678617,0,0.9894861367222936,1.7855109940078144,1.7496101475022634,7,-1.5679065665042955,1,1.4255338733525666,0.5541383767578667,2.5255909693862573,0,0,-1.1505541015749308,-0.4262300150429028,1.1914379855160335,0.0,2.5899937140505074,3.1781923448081244,-2.171981830933257,-1.0778621289498782,-0.0013328996684553,0.7649976209279952,1.4938670923934996,0.8065414765793012,0,-1,1,0.5633647044373393,Anomaly
1139,1.4318670655440953,1,1.0697680282011397,1,1.3335810620982798,2.038524256015781,3,0.0,0.9656295036534046,-0.6605306743650393,1,-1.2248070954894692,0.3796721288811475,1.7496101475022634,0,0.2462002046576992,1,1.007588365393017,0.8960744729560548,-0.2775943477299747,0,1,-0.0572673987209239,-0.4262300150429028,0.2662325767951835,0.0,0.241988311858558,2.6639302300699157,0.1557070814399298,0.3380961637724818,3.754111916204331,1.041095461037043,3.0460190755843706,2.488663922412698,0,-1,1,0.5632175706874768,Anomaly
1101,-0.2106607044718917,2,1.486257202922897,2,2.320734916839626,1.0617867539482455,1,0.0,0.8792248633540298,-0.6605306743650393,0,1.5799643319787635,-1.0261667362455194,-0.9614863916702532,8,0.2462002046576992,1,-0.8654109496366881,1.671157732525725,-1.0785044383346123,0,0,2.1293060069870897,2.346151056253851,-1.584178240646517,0.0,1.4159910129545328,-0.678773515728442,1.707499689688721,0.3380961637724818,-0.3278933184400019,-0.339393739508197,0.5625759024789769,-0.5952272282818631,0,-1,1,0.5631158979350543,Anomaly
188,1.979376322216091,2,-0.273905380722625,1,0.59321567104227,1.0617867539482455,3,0.0,-1.2808911441303386,0.2546249253678617,1,-0.2406767700620191,1.7855109940078144,2.6533089938931025,5,-0.6608531809232983,2,2.596291244403466,-0.1369014033516651,2.1251359240839385,0,0,-1.1505541015749308,-0.4262300150429028,1.1914379855160335,0.0,-0.9320143892374164,3.1781923448081244,0.1557070814399298,0.3380961637724818,2.774430659889691,2.97378034180038,-0.0582848907973714,3.049371404357164,0,-1,1,0.5630535610312641,Anomaly
1415,1.103361511540898,2,0.9358965077548606,1,1.950552221311621,0.0850492518807105,3,0.0,1.6086794228045205,-1.5756862740979405,1,0.8910731041795485,0.3796721288811475,0.8459113011114247,0,0.2462002046576992,2,0.4525941270654401,-0.1727393419174431,-0.2775943477299747,0,0,2.1293060069870897,2.346151056253851,-0.6589728319256667,0.0,-0.9320143892374164,1.76397152927805,0.1557070814399298,0.3380961637724818,1.6314691941892778,2.6976825016913315,3.0460190755843706,1.9279564404682328,0,-1,1,0.5626086104807213,Anomaly
790,0.7748559575377005,2,1.4218005449302442,0,-1.010909342912418,-0.8916882501868245,3,0.0,0.121522633036436,-0.6605306743650393,1,1.235518718079156,-1.0261667362455194,0.8459113011114247,1,-1.5679065665042955,1,0.8454671541204515,-1.68467872658662,2.5255909693862573,0,0,-0.3305890744344257,-0.4262300150429028,1.1914379855160335,0.0,0.241988311858558,1.6354060005934978,-1.3960855268088614,0.3380961637724818,2.1213098223465976,0.4888997808189471,0.2521455058408027,0.5261877356070683,1,-1,1,0.5625645624882206,Anomaly
478,1.4318670655440953,1,1.0995172549669796,0,-0.7641208792270812,0.0850492518807105,3,0.0,-0.632856341885028,-1.5756862740979405,1,1.629170848250136,0.3796721288811475,2.6533089938931025,3,-0.6608531809232983,1,2.485377388198644,-0.8873899991997228,-0.6780493930322936,0,0,-1.1505541015749308,-0.4262300150429028,0.2662325767951835,0.0,0.241988311858558,2.6639302300699157,-0.6201892226844657,0.3380961637724818,4.080672334975878,0.212801940709899,2.4251582823080224,0.8065414765793012,0,-1,1,0.5623833341589544,Anomaly
63,1.4318670655440953,2,0.4623879817319102,1,-0.270543951856408,-0.8916882501868245,3,0.0,-1.5700143635936308,-0.6605306743650393,0,-1.1263940629467242,-1.0261667362455194,2.6533089938931025,5,0.2462002046576992,0,2.6001158601346663,0.3355972219743967,0.9237707881769818,0,1,-0.8772324258614291,-0.4262300150429028,1.1914379855160335,0.0,0.241988311858558,2.2782336440162587,-0.6201892226844657,-1.0778621289498782,3.264271288047011,-0.339393739508197,3.3564494722225446,1.086895217551534,0,-1,1,0.5623750674932809,Anomaly
446,1.979376322216091,2,0.7797130672342015,2,1.0867925984129432,2.038524256015781,1,0.0,-0.7109528436940782,-1.5756862740979405,0,0.841866587908176,0.3796721288811475,1.7496101475022634,3,-0.6608531809232983,2,2.195344028582586,-0.6240162859751422,0.1228606975723441,0,0,2.1293060069870897,2.346151056253851,1.1914379855160335,0.0,-0.9320143892374164,3.3067578734926766,-0.6201892226844657,0.3380961637724818,0.4885077284888646,1.3171933011460917,1.4938670923934996,0.8065414765793012,0,-1,1,0.5622143555110427,Anomaly
271,1.979376322216091,2,-0.8688899160394212,1,-1.010909342912418,0.0850492518807105,3,0.0,-1.0814958203625509,1.1697805251007627,1,0.743453555365431,0.3796721288811475,2.6533089938931025,3,-1.5679065665042955,2,2.664921848913346,0.649987294804379,-1.0785044383346123,0,1,-0.3305890744344257,-0.4262300150429028,0.2662325767951835,0.0,-0.9320143892374164,3.3067578734926766,-0.6201892226844657,0.3380961637724818,4.733793172518971,1.5932911412551394,0.5625759024789769,2.488663922412698,0,-1,1,0.5617819691193061,Anomaly
775,1.979376322216091,0,-0.8887227338833145,1,-0.8875151110697495,-1.86842575225436,3,0.0,0.0816435682828784,0.2546249253678617,1,-1.2740136117608418,-1.0261667362455194,1.7496101475022634,3,-1.5679065665042955,2,2.178558215095649,0.4230136838877847,1.7246808787816197,0,0,-0.0572673987209239,-0.4262300150429028,-0.6589728319256667,0.0,-0.9320143892374164,2.535364701385363,0.1557070814399298,1.754054456494842,0.3252275191030913,0.7649976209279952,1.1834366957553253,-0.5952272282818631,0,-1,1,0.5614408745080187,Anomaly
979,0.3368485522001039,2,0.9904367568255668,1,-0.8875151110697495,-1.86842575225436,3,0.0,0.581793505400413,-0.6605306743650393,0,1.137105685536411,1.7855109940078144,-0.0577875452794142,0,0.2462002046576992,0,-0.0267577112450549,-0.0597444297335782,0.9237707881769818,0,0,1.3093409798465847,2.346151056253851,-0.6589728319256667,0.0,2.5899937140505074,0.4783162424325279,-2.171981830933257,0.3380961637724818,0.8150681472604113,1.8693889813641875,2.7355886789461965,1.086895217551534,0,-1,1,0.5611708508091579,Anomaly
536,0.4463504035345031,2,-0.9308674718015876,0,0.0996387436715968,1.0617867539482455,0,0.0,-0.4882947321533818,-0.6605306743650393,1,0.349801425194451,-1.0261667362455194,2.6533089938931025,3,1.153253590238697,0,2.68531979947975,-0.7662437127538378,0.1228606975723441,0,0,-0.0572673987209239,-0.4262300150429028,-0.6589728319256667,0.0,2.5899937140505074,1.5068404719089457,-0.6201892226844657,-1.0778621289498782,2.284590031732371,0.4888997808189471,3.0460190755843706,0.5261877356070683,0,-1,1,0.5604913520398038,Anomaly
978,-0.3201625558062908,0,0.4871790040367768,1,2.073946453154289,-1.86842575225436,5,0.0,0.5801318777023481,-1.5756862740979405,0,1.2847252343505289,-1.0261667362455194,-0.9614863916702532,6,0.2462002046576992,0,-0.9506148889817716,0.2217590641772194,-0.6780493930322936,0,0,1.3093409798465847,2.346151056253851,0.2662325767951835,0.0,2.5899937140505074,-0.8073390444129942,-0.6201892226844657,0.3380961637724818,-0.3278933184400019,-0.063295899399149,-0.6791456840737199,-1.1559347102263289,0,-1,1,0.5598476419563292,Anomaly
1290,0.1178448495313057,0,1.322636455710778,0,-0.8875151110697495,0.0850492518807105,0,0.0,1.2962934155683197,-1.5756862740979405,1,1.6783773645215088,0.3796721288811475,-0.9614863916702532,1,-0.6608531809232983,0,-0.8309894080558813,-1.0096606131300243,0.9237707881769818,0,0,-0.6039107501479274,-0.4262300150429028,1.1914379855160335,0.0,2.5899937140505074,0.2211851850634235,0.1557070814399298,0.3380961637724818,0.651787937874638,1.5932911412551394,0.2521455058408027,1.086895217551534,0,-1,1,0.5592196099766819,Anomaly
124,1.5413689168784943,2,-0.2937381985665183,1,-0.3939381836990763,0.0850492518807105,1,0.0,-1.433760892352309,-1.5756862740979405,1,-0.7327419327757442,0.3796721288811475,2.6533089938931025,5,0.2462002046576992,2,2.769461345566167,-1.1034014171432556,1.7246808787816197,0,0,-0.6039107501479274,-0.4262300150429028,0.2662325767951835,0.0,-0.9320143892374164,1.5068404719089457,1.707499689688721,0.3380961637724818,2.1213098223465976,3.802073862127524,3.977310265498893,3.049371404357164,0,-1,1,0.5592140045527594,Anomaly
1033,0.2273467008657048,0,-0.5218156037712901,1,-0.8875151110697495,0.0850492518807105,1,0.0,0.7197086043397996,-1.5756862740979405,0,-0.5851223839616266,-1.0261667362455194,-0.9614863916702532,2,-1.5679065665042955,2,-0.6070369091289035,0.4030568710393906,-0.2775943477299747,0,1,2.1293060069870897,2.346151056253851,-0.6589728319256667,0.0,-0.9320143892374164,-0.0359458723056809,-0.6201892226844657,1.754054456494842,-0.9810141559830952,-1.1676872598353414,-0.6791456840737199,-1.1559347102263289,1,-1,1,0.559164892927903,Anomaly
793,-0.42966440714069,1,0.0607734203930728,1,2.4441291486822943,1.0617867539482455,3,0.0,0.1265075161306307,-1.5756862740979405,0,-0.5851223839616266,-1.0261667362455194,-0.0577875452794142,6,0.2462002046576992,2,-0.4238803113347338,-1.571824355338307,-0.6780493930322936,0,0,1.855984331273588,2.346151056253851,-0.6589728319256667,0.0,-0.9320143892374164,0.3497507137479757,0.9316033855643254,0.3380961637724818,0.9783483566461848,0.7649976209279952,0.2521455058408027,1.086895217551534,1,-1,1,0.5588679660195879,Anomaly
977,2.08887817355049,2,1.4044468293168375,1,1.7037637576262843,0.0850492518807105,1,0.0,0.5784702500042832,1.1697805251007627,1,0.1037688438375884,0.3796721288811475,1.7496101475022634,4,-0.6608531809232983,1,1.465904817181908,0.5511870171112733,0.523315742874663,0,1,-0.8772324258614291,-0.4262300150429028,-1.584178240646517,0.0,0.241988311858558,2.7924957587544674,-2.171981830933257,0.3380961637724818,1.9580296129608248,3.249878181909428,3.977310265498893,1.3672489585237668,0,-1,1,0.5583623520530713,Anomaly
546,-0.7581699611438873,2,-0.7474139067455754,2,2.197340684996958,2.038524256015781,2,0.0,-0.4617086889843434,0.2546249253678617,1,1.629170848250136,0.3796721288811475,-0.0577875452794142,7,1.153253590238697,0,-0.2547473045549669,1.5405952033978512,1.7246808787816197,0,0,2.1293060069870897,2.346151056253851,1.1914379855160335,0.0,0.241988311858558,-0.1645114009902331,-0.6201892226844657,-1.0778621289498782,0.161947309717318,0.7649976209279952,1.4938670923934996,0.8065414765793012,0,-1,1,0.5578874542811053,Anomaly
252,0.2273467008657048,1,-0.7374974978236288,1,-0.8875151110697495,1.0617867539482455,5,0.0,-1.1330062790025626,0.2546249253678617,0,-0.0930572212479015,0.3796721288811475,0.8459113011114247,0,0.2462002046576992,2,0.9423574193108708,-1.1093041364364429,-1.0785044383346123,0,0,2.675949358414093,2.346151056253851,1.1914379855160335,0.0,-0.9320143892374164,1.121143885855289,-1.3960855268088614,0.3380961637724818,1.9580296129608248,0.4888997808189471,2.7355886789461965,1.086895217551534,0,-1,1,0.5578452535054168,Anomaly
562,1.6508707682128936,2,-0.4499216390871772,2,-0.7641208792270812,1.0617867539482455,2,0.0,-0.4135214857404614,0.2546249253678617,1,-1.7168722582031943,-1.0261667362455194,1.7496101475022634,3,-1.5679065665042955,1,2.199806080268987,-0.5943621485736553,-0.6780493930322936,0,0,-1.1505541015749308,-0.4262300150429028,-1.584178240646517,0.0,-0.9320143892374164,2.92106128743902,0.1557070814399298,1.754054456494842,4.407232753747424,0.4888997808189471,-0.3687152874355457,3.329725145329397,0,-1,1,0.5577098935603414,Anomaly
386,-0.7581699611438873,1,-0.8391406892735814,1,-0.6407266473844129,0.0850492518807105,5,0.0,-0.8488679426334649,0.2546249253678617,1,-1.2740136117608418,0.3796721288811475,-0.9614863916702532,6,1.153253590238697,2,-0.8962203541380276,-1.5299431565437902,2.5255909693862573,0,1,2.1293060069870897,2.346151056253851,0.2662325767951835,0.0,-0.9320143892374164,-1.0644701017820986,0.9316033855643254,0.3380961637724818,-0.9810141559830952,-1.1676872598353414,-0.6791456840737199,-1.1559347102263289,1,-1,1,0.556605400649208,Anomaly
1088,-0.3201625558062908,2,1.58046308768139,2,-0.270543951856408,-0.8916882501868245,5,0.0,0.8576237032791861,-0.6605306743650393,1,-0.5359158676902541,0.3796721288811475,-0.9614863916702532,8,0.2462002046576992,1,-0.89133334514816,-1.316742557311299,-1.0785044383346123,0,1,2.675949358414093,2.346151056253851,-0.6589728319256667,0.0,0.241988311858558,0.0926196563788712,0.9316033855643254,0.3380961637724818,0.651787937874638,1.5932911412551394,0.8730062991171511,0.8065414765793012,0,-1,1,0.5564453057347631,Anomaly
938,0.2273467008657048,2,-0.9680540052588872,1,0.4698214391996017,1.0617867539482455,3,0.0,0.4688028219319998,0.2546249253678617,0,1.3831382668932737,-1.0261667362455194,1.7496101475022634,3,-0.6608531809232983,0,2.2565378802817984,0.4245596341788575,1.324225833479301,0,1,-0.6039107501479274,-0.4262300150429028,1.1914379855160335,0.0,1.4159910129545328,1.2497094145398413,0.9316033855643254,0.3380961637724818,1.9580296129608248,1.3171933011460917,3.977310265498893,-0.5952272282818631,0,-1,1,0.5561060179226793,Anomaly
976,1.979376322216091,2,-1.3275238286794515,2,0.4698214391996017,1.0617867539482455,2,0.0,0.5768086223062182,-1.5756862740979405,1,0.9402796204509212,1.7855109940078144,1.7496101475022634,7,0.2462002046576992,2,1.528161062139787,-0.7077786835641765,1.324225833479301,0,1,0.4893759527060795,-0.4262300150429028,0.2662325767951835,0.0,-0.9320143892374164,1.6354060005934978,-0.6201892226844657,-1.0778621289498782,1.9580296129608248,0.7649976209279952,0.2521455058408027,1.086895217551534,1,-1,1,0.5560193669337863,Anomaly
1136,0.9938596602064989,2,-0.593709568455403,2,-1.010909342912418,1.0617867539482455,1,0.0,0.958982992861145,1.1697805251007627,1,-0.4867093514188816,1.7855109940078144,1.7496101475022634,3,-1.5679065665042955,2,2.350878401651417,-1.5680297500784015,-0.6780493930322936,0,0,-0.0572673987209239,-0.4262300150429028,-0.6589728319256667,0.0,-0.9320143892374164,2.0211025866471544,1.707499689688721,-2.4938204216722384,3.1009910786612376,-1.1676872598353414,-0.6791456840737199,2.2083101814404653,0,-1,1,0.5550902462190024,Anomaly
786,0.3368485522001039,2,1.7093764036666956,1,1.3335810620982798,1.0617867539482455,5,0.0,0.1115528668480466,-1.5756862740979405,1,-0.2406767700620191,0.3796721288811475,0.8459113011114247,0,1.153253590238697,1,0.8114705698431114,1.7186605687423249,0.523315742874663,0,0,1.3093409798465847,2.346151056253851,1.1914379855160335,0.0,0.241988311858558,0.3497507137479757,2.4833959938131165,0.3380961637724818,0.651787937874638,1.5932911412551394,2.7355886789461965,-0.8755809692540959,0,-1,1,0.5550563584876047,Anomaly
637,-0.2106607044718917,1,-1.6671608342561228,1,1.950552221311621,1.0617867539482455,1,0.0,-0.239050577443647,1.1697805251007627,0,1.4815512994360187,0.3796721288811475,-0.9614863916702532,6,-0.6608531809232983,0,-0.9521022395439054,0.3230890787102624,-0.6780493930322936,0,1,1.036019304133083,-0.4262300150429028,-1.584178240646517,0.0,0.241988311858558,-0.1645114009902331,0.1557070814399298,-1.0778621289498782,0.4885077284888646,-0.6154915796172451,1.4938670923934996,1.086895217551534,1,-1,1,0.5548343883798,Anomaly
781,-0.9771736638126856,0,1.3970095226253776,1,1.827157989468953,-0.8916882501868245,5,0.0,0.0949365898673976,-0.6605306743650393,1,0.3005949089230785,-1.0261667362455194,0.8459113011114247,0,-1.5679065665042955,2,0.4715047270697106,-0.2751936839349027,-0.6780493930322936,0,0,-0.8772324258614291,-0.4262300150429028,-1.584178240646517,0.0,-0.9320143892374164,-0.1645114009902331,-0.6201892226844657,-1.0778621289498782,0.4885077284888646,0.7649976209279952,-0.3687152874355457,1.3672489585237668,1,-1,1,0.5545874211153009,Anomaly
779,0.9938596602064989,2,0.4970954129587233,1,-0.1471497200137397,1.0617867539482455,1,0.0,0.0916133344712678,1.1697805251007627,0,0.3990079414658235,-1.0261667362455194,-0.0577875452794142,6,-1.5679065665042955,0,-0.4011450955992626,0.9438583910437588,2.1251359240839385,0,1,2.1293060069870897,2.346151056253851,-1.584178240646517,0.0,2.5899937140505074,0.9925783571707368,-0.6201892226844657,0.3380961637724818,1.4681889848035046,2.421584661582284,-0.3687152874355457,0.8065414765793012,0,-1,1,0.5545462523864579,Anomaly
1185,1.869874470881692,2,-0.5416484216151833,1,1.5803695257836163,2.038524256015781,3,0.0,1.0636655378392337,-0.6605306743650393,0,1.235518718079156,0.3796721288811475,1.7496101475022634,3,0.2462002046576992,1,2.320918911757011,0.6144304381097051,0.1228606975723441,0,0,2.675949358414093,2.346151056253851,0.2662325767951835,0.0,0.241988311858558,3.1781923448081244,2.4833959938131165,0.3380961637724818,0.4885077284888646,1.041095461037043,0.5625759024789769,0.8065414765793012,0,-1,1,0.5540905235636722,Anomaly
282,0.5558522548689022,2,-0.4152142078603641,2,-1.010909342912418,-1.86842575225436,1,0.0,-1.059894660287707,-0.6605306743650393,1,1.629170848250136,0.3796721288811475,-0.0577875452794142,7,0.2462002046576992,1,-0.339101329293117,1.4361732882826628,-0.6780493930322936,0,0,2.675949358414093,2.346151056253851,0.2662325767951835,0.0,-0.9320143892374164,1.121143885855289,0.1557070814399298,0.3380961637724818,2.1213098223465976,3.249878181909428,2.7355886789461965,0.5261877356070683,0,-1,1,0.5537456728006352,Anomaly
91,0.3368485522001039,1,-0.6755199420614625,1,-1.010909342912418,1.0617867539482455,1,0.0,-1.5052108833690998,0.2546249253678617,1,0.5958340065513135,-1.0261667362455194,1.7496101475022634,0,-0.6608531809232983,1,1.487365161006979,-0.0278416373632582,-0.6780493930322936,0,0,1.855984331273588,2.346151056253851,1.1914379855160335,0.0,0.241988311858558,1.3782749432243937,0.1557070814399298,-1.0778621289498782,2.447870241118145,-0.339393739508197,2.7355886789461965,1.9279564404682328,0,-1,1,0.5536023039331399,Anomaly
753,-0.1011588531374925,2,0.2045613497612985,1,0.8400041347276065,1.0617867539482455,1,0.0,0.0284714819448016,0.2546249253678617,0,-1.1263940629467242,1.7855109940078144,-0.9614863916702532,2,-1.5679065665042955,2,-0.7989051316441416,-0.8494439466006638,-0.6780493930322936,0,0,0.2160542769925777,-0.4262300150429028,0.2662325767951835,0.0,-0.9320143892374164,0.8640128284861845,-1.3960855268088614,0.3380961637724818,1.6314691941892778,2.421584661582284,3.977310265498893,2.7690176633849317,1,-1,1,0.553339312086443,Anomaly
967,2.3078818762192883,2,-0.4995036836969103,1,-0.270543951856408,1.0617867539482455,3,0.0,0.5568690899294395,0.2546249253678617,0,-0.6343289002329991,-1.0261667362455194,0.8459113011114247,4,-1.5679065665042955,1,0.7447522731988315,-0.3218532745381902,1.7246808787816197,0,1,-0.3305890744344257,-0.4262300150429028,1.1914379855160335,0.0,-0.9320143892374164,2.535364701385363,-2.171981830933257,-1.0778621289498782,0.4885077284888646,1.3171933011460917,0.8730062991171511,1.3672489585237668,1,-1,1,0.5530010354427032,Anomaly
710,-0.6486681098094882,0,-1.1589448770063595,1,-0.0237554881710714,-0.8916882501868245,3,0.0,-0.0562715306565081,0.2546249253678617,1,-0.9787745141326066,-1.0261667362455194,-0.9614863916702532,6,-1.5679065665042955,2,-0.8885711226756261,-0.5609134059122626,-1.0785044383346123,0,1,1.855984331273588,2.346151056253851,-1.584178240646517,0.0,-0.9320143892374164,-0.9359045730975464,-2.171981830933257,0.3380961637724818,-0.6544537372115486,-0.6154915796172451,-0.3687152874355457,-0.5952272282818631,1,-1,1,0.5529329788041337,Anomaly
1130,0.5558522548689022,2,0.6359251378659758,1,-0.0237554881710714,-0.8916882501868245,4,0.0,0.9473515989746908,1.1697805251007627,1,1.333931750621901,-1.0261667362455194,2.6533089938931025,3,1.153253590238697,2,2.785609723097904,1.6933632003429522,2.1251359240839385,0,0,1.855984331273588,2.346151056253851,1.1914379855160335,0.0,-0.9320143892374164,1.6354060005934978,-0.6201892226844657,0.3380961637724818,-0.9810141559830952,-1.1676872598353414,-0.6791456840737199,-0.8755809692540959,0,-1,1,0.5526982951126866,Anomaly
912,-1.3056792178158831,1,-0.5044618881578836,2,1.827157989468953,-1.86842575225436,1,0.0,0.4123074801977933,0.2546249253678617,1,0.349801425194451,-2.432005601372186,-0.9614863916702532,8,1.153253590238697,2,-1.1441829407108768,-0.8816278208420879,-0.6780493930322936,0,1,-0.3305890744344257,-0.4262300150429028,1.1914379855160335,0.0,-0.9320143892374164,-1.3216011591512031,0.9316033855643254,0.3380961637724818,-0.9810141559830952,-1.1676872598353414,-0.3687152874355457,-1.1559347102263289,1,-1,1,0.5525757208949101,Anomaly
657,-0.5391662584750891,2,-1.06225989001738,1,1.950552221311621,1.0617867539482455,1,0.0,-0.1892017465017,-1.5756862740979405,1,1.038692652993666,0.3796721288811475,-0.9614863916702532,2,1.153253590238697,2,-0.787856241754006,0.5204085522253697,-0.6780493930322936,0,1,2.4026276827005915,2.346151056253851,0.2662325767951835,0.0,-0.9320143892374164,-1.3216011591512031,-0.6201892226844657,-2.4938204216722384,-0.9810141559830952,-1.1676872598353414,-0.6791456840737199,-0.8755809692540959,1,-1,1,0.5514989238710599,Anomaly
1314,-0.8676718124782865,2,-1.1217583435490597,0,0.4698214391996017,0.0850492518807105,0,0.0,1.3610968957928504,-1.5756862740979405,1,-0.4867093514188816,-1.0261667362455194,-0.9614863916702532,1,-1.5679065665042955,0,-0.8855964215513588,-1.5678892091428491,0.523315742874663,0,1,-0.0572673987209239,-0.4262300150429028,1.1914379855160335,0.0,2.5899937140505074,-0.9359045730975464,0.1557070814399298,0.3380961637724818,-0.8177339465973219,-0.6154915796172451,-0.0582848907973714,-1.1559347102263289,1,-1,1,0.5509623058672263,Anomaly
237,-0.42966440714069,2,-0.8366615870430948,1,-0.8875151110697495,-0.8916882501868245,1,0.0,-1.157930694473536,-1.5756862740979405,0,-1.3232201280322142,0.3796721288811475,-0.9614863916702532,2,-1.5679065665042955,1,-0.806554363106543,1.011318040108753,1.7246808787816197,0,0,1.3093409798465847,2.346151056253851,-1.584178240646517,0.0,-0.9320143892374164,0.2211851850634235,0.1557070814399298,1.754054456494842,0.3252275191030913,0.7649976209279952,-0.3687152874355457,0.8065414765793012,1,-1,1,0.5506962513355822,Anomaly
1008,-0.8676718124782865,1,-1.1539866725453862,1,0.59321567104227,-1.86842575225436,4,0.0,0.6582283795113983,0.2546249253678617,0,0.8910731041795485,0.3796721288811475,0.8459113011114247,0,1.153253590238697,2,0.2231171831933946,1.2110267095282454,-1.0785044383346123,0,1,-0.8772324258614291,-0.4262300150429028,-1.584178240646517,0.0,-0.9320143892374164,-0.2930769296747854,-1.3960855268088614,0.3380961637724818,0.161947309717318,0.7649976209279952,1.4938670923934996,0.8065414765793012,1,-1,1,0.5499979054458,Anomaly
191,1.6508707682128936,2,-0.2565516651092185,1,-1.010909342912418,1.0617867539482455,1,0.0,-1.272583005640014,0.2546249253678617,1,-0.043850704976529,-1.0261667362455194,2.6533089938931025,3,0.2462002046576992,1,2.8676264826669864,-1.213585510616079,-1.0785044383346123,0,0,-0.3305890744344257,-0.4262300150429028,-1.584178240646517,0.0,0.241988311858558,2.92106128743902,1.707499689688721,0.3380961637724818,4.243952544361651,3.802073862127524,2.7355886789461965,1.3672489585237668,0,-1,1,0.5499927849527978,Anomaly
1445,2.08887817355049,2,-1.2209224327685255,1,-0.270543951856408,-0.8916882501868245,5,0.0,1.6734829030290514,1.1697805251007627,1,0.3005949089230785,0.3796721288811475,-0.9614863916702532,2,0.2462002046576992,1,-0.8847465069444252,-1.4963538729468453,2.1251359240839385,0,0,-1.1505541015749308,-0.4262300150429028,1.1914379855160335,0.0,0.241988311858558,0.3497507137479757,0.9316033855643254,-2.4938204216722384,0.4885077284888646,1.3171933011460917,2.114727885669848,1.086895217551534,1,-1,1,0.5498055776545775,Anomaly
291,1.3223652142096962,1,-0.4127351056298775,1,0.0996387436715968,1.0617867539482455,1,0.0,-1.0449400110051228,0.2546249253678617,0,-1.5200461931177045,0.3796721288811475,2.6533089938931025,5,-1.5679065665042955,2,2.584179961254663,1.5854277618389618,2.5255909693862573,0,1,-1.1505541015749308,-0.4262300150429028,1.1914379855160335,0.0,-0.9320143892374164,1.3782749432243937,0.9316033855643254,0.3380961637724818,-0.6544537372115486,-0.6154915796172451,-0.3687152874355457,-0.5952272282818631,0,-1,1,0.5495130782556146,Anomaly
805,1.2128633628752972,0,1.139182890654766,1,-1.010909342912418,1.0617867539482455,3,0.0,0.1514319316016042,-1.5756862740979405,1,-1.5200461931177045,1.7855109940078144,1.7496101475022634,3,1.153253590238697,2,2.205967961169255,0.258721330227414,-0.2775943477299747,0,0,1.855984331273588,2.346151056253851,0.2662325767951835,0.0,-0.9320143892374164,2.0211025866471544,0.1557070814399298,-1.0778621289498782,-0.3278933184400019,-0.063295899399149,-0.0582848907973714,-0.8755809692540959,0,-1,1,0.5493234476407288,Anomaly
467,0.4463504035345031,2,1.173890321881579,2,-0.8875151110697495,2.038524256015781,1,0.0,-0.664427268148261,-0.6605306743650393,0,1.235518718079156,0.3796721288811475,1.7496101475022634,3,-1.5679065665042955,1,2.144349152166576,-1.220893639264787,1.7246808787816197,0,0,0.2160542769925777,-0.4262300150429028,-0.6589728319256667,0.0,0.241988311858558,1.3782749432243937,-0.6201892226844657,0.3380961637724818,1.794749403575051,3.249878181909428,2.7355886789461965,1.086895217551534,0,-1,1,0.5492696881214939,Anomaly
1097,0.3368485522001039,2,0.236789678757625,0,-0.3939381836990763,-0.8916882501868245,3,0.0,0.8725783525617702,0.2546249253678617,1,-1.3724266443035866,0.3796721288811475,1.7496101475022634,3,1.153253590238697,2,2.110777525192703,0.4311650581498048,-0.6780493930322936,0,1,1.5826626555600865,2.346151056253851,1.1914379855160335,0.0,-0.9320143892374164,1.2497094145398413,-0.6201892226844657,0.3380961637724818,2.284590031732371,0.7649976209279952,1.4938670923934996,0.8065414765793012,0,-1,1,0.5492001759083097,Anomaly
955,0.5558522548689022,0,-0.7622885201284952,1,-0.8875151110697495,-1.86842575225436,1,0.0,0.5136667697797521,0.2546249253678617,1,-1.4216331605749593,0.3796721288811475,1.7496101475022634,3,0.2462002046576992,1,2.413347125261029,1.7242822061644076,-1.0785044383346123,0,1,-0.6039107501479274,-0.4262300150429028,1.1914379855160335,0.0,-0.9320143892374164,1.2497094145398413,0.1557070814399298,-1.0778621289498782,2.1213098223465976,1.041095461037043,-0.0582848907973714,1.6476026994959998,0,-1,1,0.5491495680430826,Anomaly
792,-0.2106607044718917,2,0.99539496128654,2,-0.6407266473844129,0.0850492518807105,5,0.0,0.1248458884325658,1.1697805251007627,1,0.9894861367222936,0.3796721288811475,0.8459113011114247,7,-1.5679065665042955,2,0.6542363675604136,-0.5593674556211897,-1.0785044383346123,0,1,1.855984331273588,2.346151056253851,-1.584178240646517,0.0,-0.9320143892374164,-0.2930769296747854,-0.6201892226844657,0.3380961637724818,0.161947309717318,0.7649976209279952,0.5625759024789769,0.8065414765793012,1,-1,1,0.5480056827768888,Anomaly
358,-1.7436866231534796,1,-0.1152428379714794,2,-1.010909342912418,-1.86842575225436,5,0.0,-0.9086865397638012,-1.5756862740979405,0,1.629170848250136,-1.0261667362455194,-0.9614863916702532,8,-0.6608531809232983,2,-0.9198054844804322,-0.7256273823792895,-0.6780493930322936,0,1,-1.1505541015749308,-0.4262300150429028,0.2662325767951835,0.0,-0.9320143892374164,-1.0644701017820986,0.1557070814399298,0.3380961637724818,-0.6544537372115486,-0.6154915796172451,-0.3687152874355457,-0.5952272282818631,1,-1,1,0.5474939812987538,Anomaly
