Metric,Value
Input Dataset,final_preprocess.csv
Original Number of Rows,1470
Original Number of Columns,35
Number of Numeric Features,31
Number of PCA Components,31
Components for 80% Variance,18
Components for 90% Variance,22
Components for 95% Variance,24
PCA Components Retained at 95%,24
First Principal Component Variance (%),15.2727
Total Variance Explained (%),100.0
Missing Values Before Processing,0
Missing Values After Processing,0
Standardization Applied,Yes - StandardScaler
Original Dataset Modified,NO
