Principal_Component,Eigenvalue,Explained_Variance_Ratio,Explained_Variance_Percentage,Cumulative_Variance_Ratio,Cumulative_Variance_Percentage
PC1,4.737758518538142,0.1527269533406305,15.27269533406305,0.1527269533406305,15.27269533406305
PC2,1.9100046224935263,0.061571138697454265,6.157113869745427,0.21429809203808475,21.429809203808475
PC3,1.813242400535849,0.05845190007432879,5.845190007432879,0.2727499921124135,27.27499921124135
PC4,1.7290008372791252,0.05573627891075347,5.573627891075347,0.32848627102316696,32.8486271023167
PC5,1.5976744508212217,0.05150282572430054,5.150282572430054,0.3799890967474675,37.99890967474675
PC6,1.3025978419557962,0.04199070067660885,4.199070067660885,0.4219797974240764,42.19797974240764
PC7,1.1722227866434867,0.03778791471536718,3.778791471536718,0.45976771213944356,45.97677121394435
PC8,1.1285216243122087,0.03637915879119234,3.6379158791192343,0.4961468709306359,49.614687093063594
PC9,1.1094356862261854,0.03576390219588033,3.5763902195880335,0.5319107731265162,53.19107731265162
PC10,1.0657107896082616,0.03435438117038703,3.4354381170387027,0.5662651542969033,56.62651542969033
PC11,1.049082262358683,0.033818341966313496,3.3818341966313494,0.6000834962632168,60.008349626321674
PC12,1.0229068943116268,0.032974549654241396,3.2974549654241394,0.6330580459174582,63.30580459174582
PC13,1.0039831649811024,0.03236452203987799,3.236452203987799,0.6654225679573361,66.5422567957336
PC14,0.9857415654165266,0.03177648364267891,3.177648364267891,0.697199051600015,69.7199051600015
PC15,0.9653628842935897,0.03111955402737072,3.111955402737072,0.7283186056273858,72.83186056273858
PC16,0.948207897344629,0.030566543805118727,3.0566543805118727,0.7588851494325045,75.88851494325046
PC17,0.9121137679046142,0.029403009108006993,2.9403009108006994,0.7882881585405115,78.82881585405114
PC18,0.9001663613960966,0.029017871075068386,2.9017871075068387,0.8173060296155799,81.73060296155799
PC19,0.8716547949030906,0.028098768788954148,2.8098768788954147,0.845404798404534,84.5404798404534
PC20,0.8689329103062565,0.028011025789771587,2.801102578977159,0.8734158241943055,87.34158241943055
PC21,0.7722915034477871,0.02489568177671274,2.489568177671274,0.8983115059710183,89.83115059710182
PC22,0.6085268852672204,0.019616545851602964,1.9616545851602964,0.9179280518226213,91.79280518226213
PC23,0.519516932058413,0.016747210296111672,1.6747210296111672,0.934675262118733,93.46752621187329
PC24,0.4906328637122172,0.015816099995462966,1.5816099995462967,0.9504913621141959,95.0491362114196
PC25,0.32711079988612285,0.010544783081692223,1.0544783081692222,0.9610361451958882,96.10361451958882
PC26,0.31819639162910696,0.010257417145120875,1.0257417145120875,0.971293562341009,97.12935623410091
PC27,0.2787946999351473,0.008987259473441553,0.8987259473441552,0.9802808218144506,98.02808218144506
PC28,0.2244554218637728,0.007235571970987104,0.7235571970987104,0.9875163937854378,98.75163937854377
PC29,0.2002515732191851,0.006455333795457165,0.6455333795457165,0.9939717275808949,99.3971727580895
PC30,0.14067200608868277,0.004534719704724052,0.45347197047240523,0.998506447285619,99.8506447285619
PC31,0.04633165227661867,0.0014935527143812345,0.14935527143812344,1.0000000000000002,100.00000000000003
