Feature,PC1,PC2,PC3,PC4,PC5,PC6,PC7,PC8,PC9,PC10,PC11,PC12,PC13,PC14,PC15,PC16,PC17,PC18,PC19,PC20,PC21,PC22,PC23,PC24,PC25,PC26,PC27,PC28,PC29,PC30,PC31
Age,0.2770874146230255,0.28971882038941255,-0.0646253225486513,-0.20544540198564437,0.09399538646618619,-0.02042971564733606,0.026329410542210614,-0.022184766663732366,0.02984711562999424,0.016291579577953116,-0.005022306499912846,0.018237002480311362,-0.06924125267485665,-0.008595731983824142,0.055790908917930336,-0.03615427152800063,0.07855182011182678,0.08102921995962425,0.04414154877730712,-0.0366893916939217,0.04511255496761977,-0.3390849908228179,0.6052970309310844,-0.3747944728500827,0.05943206365150147,0.044900953631259934,0.03926806660501535,-0.05208605934545673,-0.26154046938106573,-0.23110039026040127,-0.012143125127642696
BusinessTravel,0.0034758432886181634,0.0475295814908514,-0.07324442626219088,-0.04323721583348336,0.0008445263444497308,-0.04841639622865738,0.1559966008640239,0.35544065437645983,0.06038507936124094,-0.4129722732836774,0.10538081533735663,0.23928457442149031,0.417018031623218,0.03137332118760391,0.34972357103896057,-0.05175171919132081,0.11043152372282372,-0.17739643090354718,0.07186944485770234,0.49368518293827046,0.027451925851086734,0.018924111142929315,0.016669024948584132,0.013070981062101417,-0.007310576618215291,0.0177633592913346,-0.01748859029978807,-0.005866040095124991,-0.006933246666553455,-0.009347899737017773,0.009431327775998748
DailyRate,-0.0010290196180884994,0.08957771993743663,0.044474781768858634,0.04917767616240146,0.09499944658546286,-0.08010328263013622,-0.0340141306863334,0.06220235591792187,0.44042749280440624,-0.32201661066953186,-0.16136291471320194,-0.29128943729640383,-0.2625261936540097,0.08887959543518521,-0.3361164794101715,0.24543032076302732,-0.16774963912391275,0.056513477198895386,-0.32580890261584383,0.3993328829996432,-0.07089703754356391,0.026998031921087014,0.046164011394838646,-0.013587104789424492,0.02212155571777521,-0.028893896286077483,-0.0364196218208872,0.0186331263880734,-0.0004383919100306787,-0.022059573604302166,0.0038401983055665924
Department,0.010741376952026151,-0.3448872124802706,-0.19707134277965466,-0.06946208014242745,0.5693810178986745,-0.06695186583473804,0.012784758061087196,-0.030242350375546123,0.012375745906637285,0.01657458725345069,-0.03697580066994442,-0.033597264824344296,0.03690947589436707,0.021661376846043273,-0.053222606569135654,-0.056103070661579046,0.05939039294136799,-0.016988127154037417,0.005641266956123422,0.00027468051204140853,0.01421803929914935,0.02441987607361871,0.015015698181596137,-0.013440491747639248,0.1474366444624703,0.6726676301708496,-0.071684581465614,0.015973461096021806,0.08530809908329393,0.027203261390745456,-0.06404268660244256
DistanceFromHome,0.001974802838324027,-0.02722246675231187,0.05802212960426684,-0.008773757405158074,0.04617813500094145,0.28980026913602414,0.12260135549079731,-0.09667852498602866,0.04988592584714481,0.13321218035923688,0.23842535816087498,-0.2762108020853539,-0.1921144005128071,0.5873992652056882,0.3464056645133581,0.07467618661637508,0.18677009335884506,-0.356401233524108,-0.19732498112897237,0.0014768795507023019,0.0840714709816632,-0.09813104953988612,-0.007699491030881174,0.07076864000316704,-0.033647438650000534,-0.009240970254333868,-0.0069903221752924535,0.012660179033488999,-0.002389051803770215,-0.012188786705423449,-0.01530492586362768
Education,0.07689153131490818,0.11261980362995194,-0.06223274714670331,-0.09344565309775969,0.08139089599859047,-0.021221692004023497,0.3432653192051132,-0.16400037001853027,0.018469604077128596,0.1685286556074378,0.03950775713661244,0.4185880391922358,-0.42919026020679235,0.007519573354274625,0.21192526741474838,0.042251343955888795,0.112141964719088,0.327151888136971,-0.03697851470340817,0.23750347090472923,-0.3966278793622118,0.16311528561319555,-0.11135258147690269,0.07005536686972506,-0.034037774448258624,0.01625535113760062,0.005176257702392207,0.014731447621072586,0.015030307719041769,0.004067161314537208,-0.001813424879039627
EducationField,-0.019820789932112517,-0.05370394471762253,-0.015563436408977314,0.029621067326655467,-0.017196611638704697,-0.04675904465065631,-0.0890396273126277,0.4998720042949394,0.1580630665642713,0.04359242805740216,-0.3753922013045872,-0.049871564925308774,-0.21009151821020208,0.39393641236056914,0.14103833958474632,-0.08407136908657475,-0.14929540513264344,0.10989990991169717,0.5032621708851104,-0.15621956933624248,-0.1606623507766103,-0.00709543754516521,-0.01870628163869209,0.007012231025562489,0.004816344490968945,-0.0007495149753369123,0.012828670194909011,-0.006575651819393775,-0.005275849714789373,-0.01292880661138931,0.003668256007783136
EnvironmentSatisfaction,0.005615519130925782,0.028332202310834127,-0.028194795230426103,0.05325858788018716,-0.035027161800126494,-0.064021994559193,-0.4298510126968466,0.22258589663735046,0.33663202327918323,0.16826531438561038,0.2021683029002554,0.3293067012944949,-0.01991609261086797,0.13692457861814764,-0.22018545344815182,-0.07226427989034917,0.5370010417332641,0.02178062376164311,-0.14328164807714316,-0.0810366295008675,0.09282636765734628,0.22247540687534445,-0.007510358986470363,-0.13101439276660087,-0.01756349550515937,-0.013392790801048125,-0.014983431944990003,-0.001942925808716035,0.002446121229254618,0.00826723949326386,-0.005428951421479153
Gender,-0.02654476341883566,0.03717869950243829,0.04048688433091971,0.0750178624795211,-0.06575913304755221,0.030706353399168145,-0.013959737238705732,-0.33742156244210136,0.028011466483494257,0.1718469227611833,-0.45474551048957845,0.022436351416836465,0.44018963926134824,0.3840760288441629,-0.05140146641979115,-0.24957857290123883,0.12278461069062765,0.34329885541757105,-0.13323349662275033,0.21922190156157206,0.041579832935395966,-0.143597426574031,-0.02713133283016857,0.06212328884413327,0.03650225776870367,-0.00911157100883459,0.007721879193683901,0.017935072265260275,-0.00214009679517844,0.0019070427976530743,0.004015500958354964
HourlyRate,-0.008709723894934022,0.076741643416376,0.010504580927224678,0.025143777125409498,0.0401878959261935,0.06148633910962741,0.4655870608762016,0.10753958713756205,0.05191274284958019,0.044326472276888476,0.14800909858832298,-0.2738586682471119,0.26061237465821774,0.03298019343115017,-0.2626667323271723,0.4338446916209802,0.3694586188174814,0.28488893106889646,0.30514771210145186,-0.10968855001208082,0.03280233213746936,0.06731997437868098,-0.030835681229103264,0.007590923452523253,-0.04268846159399762,-0.012546672760185788,0.0027241065158693572,-0.011347408429877224,-0.010250146319524667,0.004900498793298803,0.010223986296953149
JobInvolvement,0.0034386706480335643,0.08142673750440098,0.0021736423747387625,0.08908284296281628,0.02999757701445523,-0.178194355139265,0.30823263698939724,-0.055312678271749176,0.5083884861924328,0.01766827225839921,0.2328390443230971,0.04290972508804403,0.17219724810644507,0.06036180389689916,0.19292989188005347,-0.22323587704010783,-0.39522579991702017,0.1680150662183403,-0.14544843367621596,-0.35008437957125493,0.20356290375462419,0.2110121787632895,0.02111631949302914,-0.05976941948624609,0.01316533051700551,0.011514471947870258,0.009448301912610745,0.011716789105093866,0.0286885839118047,-0.005333832571813937,-0.0025465944208182697
JobLevel,0.3793809783268202,0.11981180371572067,-0.10286587485778158,-0.1619597806715667,0.11308743856040958,-0.04075073625738102,-0.11582528781636246,-0.007453479252086277,-0.0797965297850718,-0.055617123766811695,-0.044946072180227434,-0.10393734524278105,0.1429147867443961,0.07704511181470501,0.015697431889664198,0.03335961919124942,-0.02289875921959033,-0.054420960942719525,-0.09547573613546156,-0.1306366291650576,-0.1611564055848335,0.23634768428063313,-0.18898996414142058,0.09800111721482246,0.026677749351653117,-0.003465912422516509,0.015385769809299545,-0.03301872294307686,-0.19852086228296079,-0.10704528957642569,0.7191927371327743
JobRole,-0.0629778637402123,-0.3543303884836961,-0.18283315693784827,-0.044299008678967036,0.551623832448311,-0.06116882611314929,0.03490196006826989,-0.03903473822538215,0.07006050357527238,0.03575152804387992,-0.015574466046964577,0.05171097254725342,0.03524976623283607,-0.02419886533342444,-0.03281997045344319,-0.06353263004211572,0.028379233420429445,-0.0251742204155014,0.033552721185394756,0.005419112724169212,0.01135095261451739,-0.11818603693408755,0.04606201192970911,-0.0029841466988952342,-0.18906708429275332,-0.6697932338842137,0.04618543401953053,0.014553740410468318,-0.032850372583223875,-0.014898769589885454,0.03793568498020788
JobSatisfaction,-0.006427072991975056,-0.024245483070864646,0.03150408160783697,0.024481670526784207,0.03227520720016361,-0.16143003646867057,-0.3491740434899767,-0.48519755227270434,0.08425451005073077,-0.2896074208018246,-0.005803044371071359,0.0031884512400343367,-0.08520328736089135,0.0544101933017273,0.335873291974552,0.3327358743752116,0.05972796548400351,0.15333675480713496,0.3699693599855418,0.03284449984285652,0.2835712579616602,0.17673452299496434,-0.025517304206523615,-0.08674969216818391,-0.05223371944627461,-0.0047784386792906605,-0.023008274125614438,0.0065885033568425086,-0.013705426703560997,0.0141903972896038,-0.00244629197935901
MaritalStatus,-0.05981946492159455,-0.3030750263983159,-0.21812420264166707,-0.43241383838286196,-0.312960610485213,-0.18067357104621962,0.07521643268846005,-0.04707770459337134,0.07845190312126138,-0.021942904090616784,0.034493686945403876,-0.0017901892473606682,-0.03466933098746633,0.0635266577750929,-0.022954692000637097,0.07399767867372714,0.0541861832961588,0.005874972343355521,-0.016773965399777584,-0.022925909988850735,0.03644083400675298,-0.05643331768698869,-0.027934070860724147,0.04638157984227043,0.6852649411786708,-0.16583808855872717,0.03398374265859204,0.040585992967852855,0.022976420069649676,-0.028604961786111514,-0.004043337513871475
MonthlyIncome,0.371208444234426,0.13958160213213766,-0.09901465796074499,-0.1728228573215273,0.09477847867859891,-0.038174871744706344,-0.11404100445310264,0.0021870074945274055,-0.08020457729549343,-0.06886016929181417,-0.0591851575091708,-0.10654601953681299,0.16308108549698516,0.06481540413055537,0.010065855975765306,0.03588725850541869,-0.02701009973498899,-0.04805069210851038,-0.08828973202401003,-0.12746403924156108,-0.1714881077929077,0.25699582319588865,-0.1911387892316342,0.12768020321057416,-0.00846075544192095,-0.10047670445395679,0.039832220724052854,-0.04875348151470508,-0.19851432490153625,-0.13064321894669378,-0.6894968934564872
MonthlyRate,0.004755003093727619,0.01059092600209571,-0.06110249722524327,-0.09381287939798344,0.02381015657566044,0.03774245339361897,-0.267601234092779,0.03549226103763897,-0.15654282329260652,0.12522379604573133,0.6068866316648509,-0.2099923643815895,0.03965330936528246,0.1809020452127415,-0.13764063598596926,-0.2136021187032495,-0.2813200343714336,0.34984317724316083,0.19584142940575555,0.3369173007480433,-0.0705262173778882,-0.02378747749647778,-0.032275927332211934,-0.013160400619953425,0.006595773506834015,-0.015491215313605878,-0.019670460617790125,0.004091956630988702,0.006059303282130975,-0.011054181838939418,-0.0025705092506711044
NumCompaniesWorked,0.04805332154777315,0.3590626302746984,-0.11500428189260058,-0.26095121082246225,0.13131684060923493,0.030003111760161624,0.09280580936280605,0.06747509652695709,0.022714472886525464,0.12584067374921673,-0.09753176381710574,0.1014564940103525,-0.20315380788411538,-0.05044873822226436,-0.14749380305768023,-0.1019249648262173,-0.03654735299034141,-0.06532207609289374,0.1332484059259989,0.13039510427385717,0.6331425574587123,-0.13735204372286386,-0.3506325374454693,0.21294889898645417,-0.03175894727995869,0.014739873822435167,-0.026571858668240373,-0.007099697515877619,0.02496899081166059,-0.11407213740623964,0.003386006999831347
OverTime,-0.01214917825098396,-0.01465346118832923,-0.06074419824395521,-0.10286710647956741,0.04904423910237024,0.5258171391551666,-0.2546802538210327,0.10218612211555081,0.3018068516556344,-0.06176518820478002,0.03228533430514821,0.0413096724977965,0.10384708989126523,-0.2542782913209063,0.24695193092308113,0.18160804148762233,-0.017176827508171823,0.30847592742627505,-0.11543607934202824,-0.15565891338383808,-0.0943244325514338,-0.368043584595202,-0.10340665999614787,0.2688023322620959,0.03838634387139993,0.045457829833195885,-0.014765077086610564,-0.003564379859713965,-0.0007535040026039217,-0.005563884274850198,0.0017285822321889896
PercentSalaryHike,-0.015068815069771441,-0.07552710675808601,0.5966192026304924,-0.33798657537004034,0.12270860423584525,-0.051718377010906674,-0.0055111718940169165,0.02263915396569972,0.0386504509148468,0.01631297149389477,-0.002143351713961472,0.010199074514079694,0.031575856855468334,-0.011794599516334993,0.014487785997566439,-0.0350792219968653,0.017963111861787097,0.023307632988908696,-0.004338759935941021,0.011312502145436464,-0.01599453525848656,0.02058128141461101,-0.010531848705834597,0.0003787639375630197,0.0244343667196448,-0.018644276964690377,-0.008566032709947675,-0.6922963014964812,0.1329330832116056,0.035906128346828485,0.010152323692037151
PerformanceRating,0.0001773782480344729,-0.08854425178199757,0.6028525324890663,-0.330485952958835,0.09484762249613395,-0.023163476618717004,-0.00485430173409168,0.05099490668170508,0.02932101637342356,0.028912771256967413,-0.002902633706666639,0.016856028443748994,0.04268500956972832,-0.04183379422984583,0.004902824989580264,-0.03193264022045967,0.012886109883014814,0.012172114904515727,0.019122515334008904,0.0061283823166378044,-0.0031786335190111424,0.04037929594197033,-0.0104426101017405,3.259444529767302e-05,-0.03881628313682381,0.019316024927349174,-0.004715266981560032,0.6923988169869257,-0.11934453849758449,-0.05199412727218551,-0.0039108292839593745
RelationshipSatisfaction,0.015883616958109338,0.050483636473611,-0.07171276972231566,-0.03256329234815404,-0.0628158659008403,-0.029033192495031016,-0.04889825925344924,-0.08516283016217649,0.3622165364237474,0.451620332632563,-0.09893401896020976,-0.406079085211089,0.06492430831782181,-0.4045538884764745,0.22134319949288037,-0.15287695003399254,0.12918425771433412,-0.21810362715765147,0.19597744000592593,0.27723317371069844,-0.1360005827543131,0.12751988076259724,-0.04507841019282147,-0.09444114902662407,0.012970232271538379,-0.003030327734832572,0.01989990506575423,-0.007535033307349312,-0.0016429169948692784,0.024474905987366742,0.002584917889393597
StockOptionLevel,0.03061429492503945,0.2602480211334611,0.22789014925556667,0.4413967106410826,0.35053409963760085,0.17564313772283438,-0.03642676384453299,0.049463376213347586,-0.11253373485520804,0.031001641111510724,0.0026129473181257007,0.029590727472509553,-0.013746862764167436,-0.056886419986256584,0.06341276400269871,-0.015155046889687855,0.0017053613631229756,-0.004764390386162228,0.056912655899737825,0.03647343653297031,0.03180167574708758,0.11274448713788086,-0.025378472783130365,-0.05031865772057506,0.6694987328395273,-0.1793479853436771,0.007799587417208359,0.03778573114801306,0.03630521512609544,-0.01182792704902178,-0.007265752148970067
TotalWorkingYears,0.39999532159797613,0.15172402588305178,-0.05747223659037998,-0.15820351723017856,0.032907309224352296,0.006566726578500107,-0.021877052537579475,0.014270552850219276,-0.015509474614452047,-0.040621575836408574,-0.035514184876524045,-0.03139491926929558,0.02307408739405309,0.03722267281418802,0.003171057588415349,0.001468821994705053,0.004062640020992221,-0.0006158909346514058,-0.003273730233903503,-0.04917791723448989,-0.0009145124409521786,-0.07491012536758954,0.06498508092675787,-0.12771195223832774,-0.00997226266529089,-0.0936553046406591,-0.05350280353693946,0.1384507590861169,0.5094300335427748,0.6794603550529235,-0.009853045922275197
TrainingTimesLastYear,-0.00910744963665044,-0.05292110481307703,0.0023272430721447955,0.07702225867863163,0.003997763400820285,-0.3106965089816478,-0.005693299939143909,0.27646553391562734,-0.25630359675819603,-0.08551938924355393,-0.04373704289961213,-0.37440859476126503,-0.18136977214942335,-0.1505053901744684,0.3401940337199864,-0.17255178512503686,0.28213085684195877,0.40265145200356733,-0.3317251261869829,-0.03913430404308648,0.2051359198687217,-0.017270985797294823,-0.06087787615347152,0.012499645008604277,-0.031665623097212894,-0.0336868472873709,0.00448550475700931,0.009031812004992496,-0.0064549044535481825,0.013800600118899928,-0.0002873809975389987
WorkLifeBalance,0.013453680108832907,-0.04057658129353683,-0.011346661882696972,0.02136004046120599,0.03094693012995739,-0.21827665949564376,-0.11160758632232219,0.2232858425015696,-0.12368091659816652,0.517255969002243,-0.05684236394663359,0.14168445672294724,0.17160391474789738,0.05066364225257109,0.1623754421492895,0.5818613969274796,-0.2945141759333206,0.015541469136747046,-0.21434728054349525,0.13800773287051257,0.14205111549329072,-0.0007443115355605283,0.07073046233424653,-0.05711672020928853,-0.01696124498698947,0.004719327697920727,-0.051842753457351114,-0.00363929301689114,0.010845614825392515,0.0007311351780951449,-0.00535082955024007
YearsAtCompany,0.3856704955923588,-0.22299443638415242,0.05216364485342219,0.12920548861539116,-0.11293068723653213,0.06588848452683264,0.029026966771496958,-0.0007139843065866042,0.015659782520469064,-0.010113237256728788,-0.003366117150779162,0.005355409736203631,-0.003979591888619946,-0.031945031930539575,-0.0031875257780878963,0.0009230047763297989,0.010992208948847209,0.02517453723287074,0.020081831899281716,0.03534753640728856,0.023023929484962336,-0.031009061375999264,-0.06306203354057542,-0.11862650937806593,-0.055456787886122086,-0.03583644709707169,-0.0684392060200621,0.055812480506146595,0.5898660536869059,-0.6169818780531304,0.0053644531342201315
YearsInCurrentRole,0.33190897935936675,-0.26592720315261753,0.09948524536927138,0.18102467744134929,-0.07543026559689292,0.03341855446824302,0.05477856273330439,0.021845503545551162,0.0664933248313577,0.014388504872209926,0.04163326289218261,0.06436097368843494,-0.056911235209368985,-0.018654138568100727,-0.04131946948501107,0.02354714801766552,-0.03207711317785257,0.019641146077444258,0.02327395398379449,0.11110649006311077,0.12752716592515204,-0.13950435747593948,-0.1901661592718539,-0.11635369259950905,0.00033122149931330384,0.08771292616639528,0.7604272710604473,-0.04118638496510195,-0.20008998062498107,0.14958039150962402,-0.006150026472863737
YearsSinceLastPromotion,0.2905081654786881,-0.22166101543961392,0.04340053523189946,0.09967998482453677,-0.09661157520695196,0.12296947843691014,0.027302642214281407,0.026522457774685926,0.016778891997958647,0.06851647922630405,-0.02123889052931878,0.015504070989683504,-0.08032243886769788,-0.059475358614294614,-0.042447167119780846,-0.06469392825362669,0.003301353548982734,0.047946592348979904,0.07231358780426662,0.11321287297425868,0.22014271249209216,0.28111413264536966,0.5245368098160919,0.6015800859027116,0.0037702989382658965,-0.020240298942361293,-0.08203447324701872,-0.02803249606221911,-0.08544242439636929,0.08305189653612015,0.009216356830533606
YearsWithCurrManager,0.3259873365931133,-0.271395536129441,0.09056923651399526,0.17896215171023316,-0.1144332449751132,0.03339434247697639,0.10543998639930745,9.388266710866344e-05,0.06473964111341389,0.010481425661989549,0.02688542192481456,0.058881079633319275,-0.05410895131374964,-0.030561569173121195,-0.031216210642354324,-0.034759598539881045,-0.017708659980900043,0.011564465578850412,0.039234851774985105,0.052810687322623326,0.07031130008883461,-0.18579017654672852,-0.27013213348627874,-0.22782944370504585,0.028176191033695674,-0.02165723755182792,-0.6228470100195153,-0.06698625939690847,-0.38966703622409643,0.15717567945588673,-0.0252055565575066
Attrition,-0.11368996270931869,-0.14217683527965608,-0.11821693028571646,-0.2159828572203137,-0.041963597760658986,0.5603148577574701,0.0580165363939556,0.09105253414777942,-0.12083947048918954,-0.024406848977567536,-0.1826596960773966,-0.020662921149480713,-0.030812398044725128,-0.020466519588974736,0.018347765245912057,-0.029549084803121232,-0.09863101901457594,0.13879427895383042,-0.10101246163843915,0.07203167987843728,0.2114386823415054,0.4814479577710298,0.03771818578772505,-0.4454336276335715,-0.033034533545559804,-0.044602262649959645,0.019747053166218755,-0.025811578252788004,-0.04202993810155816,0.025625594074767583,0.00475599316802988
