Record_ID,tSNE_1,tSNE_2
1,-50.370785,3.4246938
2,3.0170908,29.164589
3,-39.94426,-7.321614
4,-10.83336,-12.421912
5,-27.420681,-5.2916393
6,8.963371,-1.8664585
7,-7.8813043,35.769245
8,-15.182771,28.820713
9,5.043644,29.366692
10,10.885382,8.984136
11,-19.387892,-9.657338
12,-8.835483,-20.54085
13,-23.580227,-14.385232
14,-21.005217,-13.658886
15,-37.907352,3.1285267
16,22.85563,-0.16316012
17,-6.9440837,-31.429136
18,-21.912085,-23.677475
19,37.85627,4.1539783
20,-11.34859,-25.63894
21,-16.542747,-9.917089
22,-29.656769,24.520006
23,18.790373,-5.3427854
24,-24.3318,-1.9176815
25,-34.44506,-2.5251155
26,37.66562,6.7284765
27,-28.28533,23.824303
28,17.692503,-18.60961
29,37.722435,1.0085168
30,32.341473,23.08642
31,-12.435099,-4.014957
32,-6.72825,1.633529
33,-23.079092,-1.6597658
34,-36.864643,-19.590858
35,-39.170155,-4.5377088
36,2.4617941,-0.6323729
37,-43.610367,-5.2466025
38,2.6303568,-14.541317
39,-3.3760068,-4.49425
40,8.405166,-15.961777
41,-19.54843,-12.163831
42,-6.33258,8.643956
43,-36.173126,1.7137407
44,24.190561,-19.936892
45,-0.8682737,30.568558
46,42.441868,4.3934317
47,2.5127316,35.177193
48,-15.024845,31.243818
49,1.0785908,36.389297
50,-24.492693,-16.240465
51,-13.001389,1.5497824
52,-37.97459,-5.010308
53,-6.4888597,35.81218
54,-15.997284,-19.338865
55,-0.78389645,-23.534315
56,26.491543,-5.9083796
57,2.4319258,35.010086
58,-5.012464,0.64843273
59,1.2429239,31.92979
60,14.499071,-10.71578
61,4.639737,38.798115
62,27.898355,-28.434235
63,41.515034,-0.4575967
64,40.39396,-5.897627
65,27.936699,2.4764907
66,30.170311,28.182402
67,-12.726361,-6.9146724
68,28.995466,17.80598
69,-23.105183,-8.64469
70,-40.202404,-4.9473786
71,21.259787,-30.529266
72,-12.334002,29.052736
73,-20.98676,-0.9833902
74,15.499283,-11.985924
75,-15.055284,-1.6198626
76,-1.4332716,30.099525
77,19.786236,-21.817223
78,26.910753,27.485296
79,23.23797,24.155704
80,-17.09484,34.284286
81,-13.297302,-21.961653
82,15.30551,-5.9017205
83,27.237246,23.692467
84,20.919102,13.093809
85,-18.543274,-10.106215
86,32.522564,16.403715
87,-26.84452,2.7079778
88,-11.144988,33.42261
89,25.224186,0.9160243
90,32.362595,-21.716469
91,49.961357,-2.4512646
92,-5.0183854,24.425741
93,10.671823,-21.203762
94,27.910583,7.944619
95,20.804321,-20.989536
96,23.252443,16.637356
97,-3.105545,42.66375
98,6.9002504,-17.69317
99,43.522823,10.931521
100,11.864449,5.483202
101,-19.893007,32.130226
102,-20.043947,-3.7388098
103,-39.276257,0.41048867
104,18.643692,-4.5519753
105,-16.83846,14.528373
106,21.370474,30.281483
107,27.912624,21.225855
108,-48.471676,-4.2651477
109,-24.264517,-18.700985
110,-17.715221,-0.9670174
111,49.040066,-4.2281637
112,-23.498835,25.905762
113,36.33404,26.040077
114,-22.402176,-14.021945
115,-3.1144469,-3.2510576
116,2.08889,-21.397947
117,16.431131,-2.6342964
118,10.611537,-12.323612
119,-13.165431,36.03058
120,36.91215,-1.856779
121,-8.150692,41.584496
122,5.5976586,-18.472456
123,-38.244354,14.513342
124,43.809772,5.522255
125,-48.269455,-6.121547
126,-20.211954,3.7390804
127,45.966396,7.3754344
128,-42.225372,-1.3885416
129,-24.483393,-4.0608253
130,24.352343,6.225841
131,-5.671763,-11.938599
132,-3.3785584,-18.251842
133,-42.8824,7.4515452
134,13.560817,-27.822649
135,-1.0148659,32.942356
136,-16.20372,33.51676
137,-9.742298,1.338092
138,26.36896,-16.332684
139,1.1813833,-26.859947
140,13.81066,20.557035
141,-27.218681,27.81868
142,-5.6339264,-12.791469
143,-5.4691978,31.862135
144,-17.000664,-1.2370722
145,10.981896,-24.734312
146,3.475096,-6.340808
147,-25.511509,-13.996279
148,30.344046,9.754961
149,-12.95178,32.629856
150,-18.804304,-2.6290166
151,22.923622,1.5237687
152,17.118944,-14.994607
153,-4.666214,23.917347
154,16.297049,17.93657
155,24.508377,-18.873924
156,7.499092,-3.883714
157,-8.823425,0.9422975
158,-7.5350947,35.523933
159,29.104284,-10.68611
160,-0.8527277,-12.23362
161,-15.040531,27.36739
162,-18.376083,8.600801
163,-23.60643,-11.69833
164,12.744115,17.465208
165,-18.162212,-25.103296
166,34.780704,19.170256
167,17.889652,-10.319088
168,24.666689,-17.584696
169,-2.6362674,29.54581
170,-4.142233,28.795511
171,-18.462635,-20.47517
172,-25.157185,21.137478
173,8.176315,-2.2989044
174,14.270828,4.5788717
175,9.1108265,-14.654186
176,-2.9223773,-7.0132303
177,-17.637924,-4.3039794
178,-20.732124,25.771957
179,29.524225,4.101549
180,-11.193049,-4.4621615
181,-16.65398,33.03624
182,-6.793245,-11.174216
183,-30.583801,23.329166
184,-12.529443,-0.7113364
185,2.4673789,-0.6286941
186,13.248711,-3.427957
187,42.318855,3.0221539
188,42.288654,8.201775
189,9.837087,-1.9079987
190,30.643023,15.021137
191,44.919327,5.9006886
192,-7.153757,-10.839618
193,-37.43266,3.5230756
194,-18.47017,-30.19159
195,51.417538,-2.2965927
196,14.541583,-14.295849
197,-7.420563,-3.2847245
198,3.8740497,8.916745
199,-11.933428,8.492852
200,14.51346,0.57131666
201,-25.081743,-8.048605
202,17.488226,10.336711
203,-16.123926,-29.89635
204,-5.3821077,11.88487
205,-36.660213,4.4250054
206,-3.4276617,36.355225
207,-13.214363,-14.701217
208,7.6016183,1.2126894
209,-16.279379,11.157294
210,-10.186027,8.230152
211,34.984127,-17.66824
212,2.8551247,28.508553
213,23.513086,-20.591764
214,29.546387,11.3606615
215,-41.193623,-6.559584
216,-4.4176426,-21.0182
217,-49.25807,7.0251536
218,-37.061512,-4.4522576
219,31.990242,-15.385679
220,7.4150205,-13.288592
221,31.285599,-5.181126
222,-8.478926,30.39866
223,19.182922,15.644151
224,20.798138,-11.57845
225,-22.911457,-29.407349
226,-11.48001,4.4251394
227,18.311615,-11.973631
228,25.345598,-17.968632
229,19.761215,-26.006771
230,-41.55258,-3.602327
231,-10.215214,-4.7671285
232,43.30647,4.3908386
233,-10.056381,3.0416853
234,33.360073,23.689634
235,-33.684155,7.3619018
236,11.290408,34.317135
237,-27.24023,27.904137
238,48.386124,7.9886913
239,4.8843393,-14.413458
240,-37.394516,-6.5303125
241,-2.145612,4.126
242,5.0240364,-18.58262
243,-1.1204187,14.0147705
244,10.211255,7.1404333
245,39.7505,13.391953
246,-12.328144,9.366463
247,-11.910938,-10.007818
248,27.810045,-4.0640297
249,1.3967133,-3.8320873
250,-10.563708,11.886468
251,-32.714725,3.7082276
252,49.57385,-3.3557103
253,-16.725792,-4.215613
254,-9.240826,-13.388007
255,3.2651753,-25.373003
256,-14.352037,-9.824388
257,21.202873,0.8223591
258,38.84454,8.623155
259,-15.5089655,-5.3554254
260,-34.419918,-1.103833
261,-13.577821,39.89477
262,27.648697,-19.802217
263,-22.51687,-4.264302
264,32.636276,8.542312
265,-35.22535,-7.2802444
266,7.0721292,-20.186205
267,-10.403093,38.13736
268,-17.28086,-18.702715
269,25.011059,9.726506
270,22.23762,-5.102756
271,42.817043,10.3888
272,14.759754,10.40944
273,-11.326101,28.566862
274,7.106758,-24.743986
275,-21.8735,-0.6089682
276,18.715584,16.63903
277,7.910249,8.187433
278,2.9504752,38.682056
279,-13.718943,40.342583
280,30.089048,22.33168
281,30.252836,27.47818
282,29.702196,4.8475027
283,20.800402,-17.569054
284,17.193998,13.34232
285,-16.172474,-18.588541
286,22.707026,-4.591598
287,-22.637983,30.846308
288,-4.8533034,10.942646
289,-37.594307,7.0194573
290,-11.288259,27.579039
291,36.146427,23.626455
292,7.2158737,-9.594323
293,3.4452684,-12.494524
294,-47.74133,-9.903513
295,-20.314028,-23.692165
296,36.52508,-1.1750432
297,-31.863262,-3.9363716
298,18.433455,-15.877639
299,-10.517589,11.722884
300,-8.252863,4.01739
301,41.19037,14.518467
302,-22.226357,5.7462234
303,-18.871763,-15.403403
304,26.79187,-11.440432
305,26.016254,1.8583064
306,7.5856214,13.222162
307,19.300728,-15.985806
308,9.516175,12.049473
309,-19.810127,14.072145
310,-18.480753,-22.067448
311,-14.897013,2.1927032
312,50.399246,4.345673
313,-13.741067,-15.267845
314,27.737455,-3.5465827
315,44.176094,2.9981334
316,17.334305,-6.6498604
317,23.470367,20.532553
318,-33.577007,-9.983521
319,-10.33493,-13.422946
320,33.907333,-11.235771
321,1.211947,-21.667059
322,9.60055,-24.35381
323,-4.591721,-1.3135263
324,-46.845505,-5.8243103
325,13.486552,-2.0363789
326,7.789142,33.06162
327,46.23258,3.1762264
328,-46.258427,0.047945794
329,1.3276945,-19.611097
330,34.33664,21.862717
331,0.3128754,6.249449
332,-4.120772,-28.976894
333,-5.945006,-14.29962
334,-1.9543928,0.7210837
335,28.651054,-8.634439
336,-3.842942,21.864796
337,-37.64147,-12.138271
338,-14.826951,-6.9907846
339,10.261428,-23.369268
340,9.774934,-16.882372
341,-3.6856017,8.133235
342,21.841787,7.63167
343,20.935257,-3.4556148
344,9.918713,-22.009691
345,16.138956,-4.8666053
346,-22.22469,-14.929497
347,-6.623971,-7.11265
348,-23.723183,2.1009152
349,22.509054,24.326912
350,7.6181107,-18.46059
351,-28.417313,-17.590374
352,3.290258,-2.6194994
353,16.564077,31.020561
354,23.668945,3.8284676
355,-10.507996,-32.396267
356,20.072828,-15.595822
357,-0.63532853,25.264252
358,-45.68296,-2.2480788
359,2.6213078,10.107844
360,29.34136,-11.067614
361,-12.192715,-0.818294
362,-10.596203,-11.8289385
363,-12.739788,24.586588
364,-44.931503,0.15321377
365,-9.130473,33.64005
366,1.7457552,9.000309
367,30.873531,-21.73809
368,22.281542,20.316023
369,9.874035,-36.562714
370,-10.663899,-23.484184
371,-49.913292,0.33194053
372,-4.266361,-13.472444
373,-11.662144,6.9699593
374,-20.25082,-15.820759
375,21.213161,-19.717072
376,15.720034,27.405573
377,24.65604,-10.930085
378,-0.5851691,-3.5592842
379,-5.111161,-36.829647
380,26.622091,20.813908
381,-2.2438622,-24.51662
382,-26.503605,2.8723993
383,-24.679884,22.7981
384,-17.619152,-6.371591
385,25.531008,-13.254882
386,-31.514904,13.592176
387,24.699306,-2.4736998
388,6.299235,-13.127354
389,-7.882677,7.4633527
390,-7.9393406,-14.412087
391,39.784832,8.245043
392,-8.516992,32.656216
393,30.340979,22.329252
394,0.78719014,-12.528138
395,12.638815,-5.6096888
396,-15.829422,30.800627
397,-4.3609166,3.691274
398,-5.346138,-25.15517
399,17.94674,8.586785
400,-21.490326,-3.318418
401,38.51282,9.359819
402,27.025566,16.360298
403,10.059819,-12.115358
404,17.064367,-18.35533
405,-19.829105,-16.387222
406,-34.28982,-5.912745
407,27.0513,27.381107
408,-14.285638,33.9772
409,29.4051,19.630465
410,9.049033,11.055508
411,-6.017211,28.037313
412,43.1483,6.40528
413,8.645267,7.276985
414,11.992107,-2.4471323
415,-45.929325,-2.3369806
416,-46.53347,2.4401555
417,-16.185373,28.408932
418,37.957745,4.442482
419,-5.6804795,42.628376
420,-16.277826,10.942661
421,9.802533,19.519012
422,-33.069542,-0.6380979
423,-31.06495,-3.7216306
424,23.392948,-22.10322
425,27.68292,24.8124
426,46.385338,5.794307
427,8.013602,-1.1607461
428,40.33119,-5.915915
429,-2.0468616,5.3676915
430,29.560493,20.672333
431,-8.617269,-18.58745
432,-8.804474,-2.8207843
433,14.332642,-9.146331
434,-3.867677,-21.642353
435,3.0842452,31.227287
436,38.394367,-11.596687
437,-31.093996,-11.01137
438,-25.154423,4.0598884
439,-15.905736,-16.249147
440,-35.939472,3.2118938
441,-38.795067,10.871307
442,-17.546793,-9.718707
443,25.629969,-19.89939
444,-39.73104,-7.4040284
445,24.887997,-15.501267
446,12.995239,31.268162
447,26.457266,-24.161705
448,27.228432,-10.1518
449,36.113285,1.6722809
450,7.335175,1.7367257
451,-6.285075,-26.10637
452,3.0060248,32.923386
453,16.20815,-17.342716
454,-36.091553,7.9022064
455,-1.432268,11.211555
456,9.953689,19.754702
457,-8.642855,23.133177
458,-44.003227,-2.0957582
459,5.1785936,-33.6756
460,6.9372473,-7.535587
461,6.097505,-31.082342
462,-8.028532,-8.600551
463,21.716787,-19.450058
464,-41.151455,-4.2543797
465,6.806543,18.72317
466,18.224606,21.000996
467,45.586174,-2.9026752
468,16.032223,-23.128305
469,23.65947,3.8797965
470,-30.139353,11.399989
471,-25.1378,-25.368637
472,-5.8787856,5.823963
473,-1.244929,-1.1762351
474,40.25216,9.4153
475,-19.617949,-22.220472
476,-2.0179844,38.46676
477,-10.939321,29.625008
478,48.895172,5.7224107
479,-25.08251,7.1794896
480,-37.74297,6.7730966
481,-44.712486,5.9361606
482,-12.798937,-22.972466
483,-31.832691,1.0198976
484,-11.474104,-18.201006
485,0.04888856,38.80785
486,-14.851411,-10.7246065
487,7.9526734,-29.441254
488,-19.186073,-4.3291755
489,-0.30841818,5.795851
490,31.422935,26.971525
491,-19.9343,2.3552206
492,17.301725,10.428024
493,24.39566,17.151346
494,-9.5166645,-1.0741407
495,-15.330493,-32.13067
496,-28.368755,4.645522
497,-25.071663,7.209324
498,32.70448,27.135975
499,-12.896295,26.103092
500,3.8665836,-24.789877
501,-10.344959,-15.136879
502,-9.968321,31.062704
503,-3.218779,33.26886
504,15.327257,-9.007919
505,-45.207737,7.20852
506,-11.417719,-13.430858
507,21.233746,-7.912887
508,4.28194,-14.767415
509,24.684124,-5.3719144
510,1.2445374,31.892752
511,15.648954,14.3715515
512,-14.179139,-19.933594
513,-14.936237,-6.927526
514,-40.792988,-1.2865607
515,-40.321766,-14.726656
516,-20.795425,-27.251104
517,-20.149874,-10.580894
518,-13.362629,27.78747
519,-3.6302712,28.866323
520,13.284301,-9.393945
521,14.778159,-21.725986
522,-3.211581,43.96284
523,-16.310328,-4.543715
524,24.178497,10.856207
525,17.001438,-1.3768922
526,-47.906616,5.5975456
527,20.579279,-1.6180899
528,21.910063,-18.945873
529,-31.26221,4.1402555
530,18.405525,-5.8963237
531,13.723806,-4.639623
532,16.682142,-3.2701254
533,18.249659,-19.914444
534,9.838302,35.938446
535,31.027838,19.776274
536,47.942276,3.095614
537,-2.544242,-34.097153
538,2.5950947,32.132885
539,39.084583,12.344397
540,-1.128937,-12.932262
541,-48.504025,1.9826227
542,7.957406,14.8461275
543,-7.0146847,-6.1368804
544,-11.34852,-17.10458
545,41.238674,-0.72633
546,-5.7798643,39.037773
547,-14.209554,-12.531014
548,-31.0584,11.788156
549,3.2825615,-27.461388
550,-11.16135,-3.94104
551,-22.378578,-13.433809
552,-1.0494056,-0.49324352
553,33.09776,15.257159
554,-6.9501066,25.976965
555,-0.9522467,1.7508451
556,4.3610945,-25.994886
557,-12.110806,-2.0602376
558,0.84926283,7.3796525
559,14.439731,8.455746
560,-22.959599,10.668278
561,-3.4493759,-3.1012516
562,42.55359,11.572586
563,-47.645523,-10.020882
564,-2.7701015,39.394627
565,12.697795,-20.537523
566,-25.706661,-3.760843
567,-4.9471464,-37.37019
568,-1.9183347,27.354841
569,32.54168,24.751457
570,20.380325,-23.237808
571,1.4706434,12.0235815
572,-29.031092,-10.546387
573,9.189666,9.258771
574,-36.718925,-2.9818943
575,-15.448245,-2.6400664
576,-1.6542714,-6.0619173
577,-24.32213,2.0099893
578,-1.3605808,-8.312536
579,33.509773,-1.9610264
580,-8.759152,-9.283725
581,2.82023,-17.707024
582,-8.899188,24.72053
583,-0.813409,31.07756
584,1.6619382,-9.695232
585,47.279438,3.246356
586,-19.144224,30.70198
587,-21.013605,-26.328676
588,-9.412812,33.99969
589,31.220892,20.333876
590,-39.264538,6.9464216
591,21.79256,-7.7542477
592,-48.137802,6.5617743
593,35.833946,6.50318
594,5.2354345,1.445343
595,-7.647802,38.907825
596,44.106148,8.89301
597,-14.747836,-3.5989554
598,-5.4753184,-4.817592
599,-37.036896,-3.8067975
600,-14.028378,4.627885
601,24.760597,-4.0056024
602,-11.371571,-17.324656
603,-7.2024207,27.323343
604,-9.732251,-8.299868
605,13.219715,8.359601
606,-24.75459,-10.111581
607,-10.397671,-8.364793
608,22.487036,-14.573546
609,32.59368,-21.83264
610,15.759967,29.74446
611,19.546848,14.851106
612,-0.7129791,27.25746
613,4.2662673,40.46453
614,-17.128172,2.5547214
615,-41.816917,-9.480508
616,-22.316278,-25.851917
617,38.257004,1.3838907
618,-11.04975,0.27326354
619,-27.279627,-5.002338
620,1.1266745,39.55289
621,-7.3609686,-12.821628
622,22.99052,-17.127825
623,7.7441926,-26.97218
624,-13.574945,9.728607
625,26.184671,23.839643
626,13.266244,-27.982615
627,0.50856984,-1.595758
628,14.377846,31.798206
629,4.758671,-27.138924
630,-27.070417,-17.413282
631,-8.918486,24.120247
632,-14.274292,34.749805
633,-10.440439,-26.600868
634,-13.348613,31.84636
635,-27.452518,1.3323002
636,9.420277,35.444553
637,-52.35757,-4.189346
638,-18.328625,-27.141163
639,-25.85637,4.81654
640,3.0440145,4.0163536
641,-26.832163,-13.245002
642,18.181263,-17.796068
643,6.580489,-21.855555
644,12.208916,15.7388115
645,-12.890967,-14.374984
646,-42.15464,9.207551
647,27.326855,23.63085
648,17.88225,3.4932945
649,1.0505217,-14.954702
650,38.147354,16.41495
651,0.26713267,3.1876752
652,4.6363297,38.27007
653,22.404198,-24.197226
654,48.947235,5.6975274
655,-3.9749124,5.352384
656,-13.595206,4.893839
657,-21.385847,24.579395
658,-27.768906,-19.722218
659,-9.359572,-24.412172
660,3.7973902,-21.6384
661,-32.731445,11.314101
662,-9.521347,31.69454
663,-45.752914,2.553455
664,-38.474922,-9.003671
665,24.95966,10.039709
666,-1.0431014,-21.527239
667,-40.320793,3.6111789
668,-35.322697,9.025206
669,-1.494202,-3.0507376
670,-21.805609,31.123896
671,-16.21144,-2.554333
672,-18.00332,-11.91822
673,-0.5443164,-17.399334
674,-22.062733,-7.3514028
675,29.682978,28.929113
676,18.114634,-12.89051
677,-0.4426068,32.926914
678,35.159264,5.793018
679,-1.1001602,9.715084
680,1.6090074,-24.299019
681,-18.602749,-0.13887918
682,28.523994,1.1046653
683,-11.480781,31.22507
684,-41.27829,9.650225
685,6.690527,-27.108595
686,19.986286,-22.836605
687,33.060276,-3.5322957
688,0.688798,27.960625
689,-43.674114,0.72391105
690,-33.086002,-3.5280852
691,27.002375,5.695607
692,-5.6971073,1.6891389
693,19.255686,-0.5934088
694,9.9898405,-36.579853
695,-10.119641,-1.8033084
696,35.805115,-17.441364
697,9.96488,2.6987
698,1.2958921,-14.744219
699,2.7555907,-15.132417
700,35.78127,14.8159075
701,-5.696927,30.058308
702,43.625294,-0.39383245
703,26.581491,-12.544365
704,-10.640628,-31.860086
705,28.540752,-10.288773
706,19.64304,-18.764145
707,-4.352806,-37.562614
708,21.345583,10.354057
709,11.332742,4.1759257
710,-25.1364,23.876389
711,25.950888,-21.137278
712,-29.625416,24.30544
713,-16.16731,-1.382082
714,-2.3156242,4.2354083
715,18.013083,27.674992
716,12.808384,14.301196
717,39.430973,7.7185264
718,-3.8785377,1.560264
719,16.380957,12.116695
720,-3.3293204,-19.65875
721,-38.750076,3.9379299
722,24.272558,8.821201
723,-22.362213,-17.839157
724,21.448528,5.208134
725,-26.506184,-20.210445
726,-22.172075,30.853657
727,0.8688675,-7.7574234
728,-27.979105,-2.5596454
729,32.92033,5.3715477
730,27.054796,5.732634
731,-6.7699428,-31.561079
732,-41.49117,-7.9591413
733,-32.606434,-3.0233836
734,11.404257,-0.439057
735,-26.779453,-9.639766
736,-13.676651,0.8643908
737,32.466854,13.667671
738,-7.4905963,-3.6667778
739,42.13665,2.6406379
740,-14.074966,-9.533404
741,-12.446129,36.25353
742,33.10507,20.666845
743,-11.052525,4.4220867
744,26.638823,20.667233
745,-34.41011,4.426594
746,16.783852,12.33794
747,8.849564,33.7059
748,-9.391217,-27.367432
749,-49.941338,7.744607
750,38.628616,3.215128
751,37.689636,-4.531497
752,28.973518,-16.281424
753,23.700956,-1.0431722
754,24.651543,7.118501
755,-24.652958,0.89968544
756,33.807793,20.263649
757,7.192702,13.276052
758,8.307225,-26.975422
759,18.377043,-33.69958
760,17.026392,1.5346408
761,29.30838,-16.329325
762,-33.24095,3.8400836
763,-39.632652,4.8543444
764,-2.0374126,-23.177038
765,-14.327096,27.223083
766,-0.68938,8.981782
767,30.112532,26.044016
768,-0.07165545,2.132402
769,15.26595,-15.172929
770,-26.938236,-19.547758
771,31.56746,25.867214
772,14.619696,-24.248838
773,2.8869913,6.3586893
774,21.605068,-3.093655
775,31.644117,17.774748
776,6.549014,-30.217936
777,-44.82467,-0.47264147
778,-38.389748,0.43713245
779,10.295368,36.800785
780,-39.955757,14.154731
781,16.356853,2.856961
782,-26.060123,-9.597241
783,-18.980883,-16.642036
784,5.8858604,0.6095791
785,34.678547,11.144723
786,10.415021,28.542048
787,-22.50638,-28.97466
788,30.706923,18.391329
789,13.936581,-3.3945138
790,32.15102,3.5431166
791,-3.7094903,7.1771164
792,4.484892,42.407047
793,6.819076,42.72804
794,-26.600986,-16.84632
795,-27.065914,-12.52851
796,5.2235208,-28.57343
797,-43.374302,-12.541564
798,-22.70905,29.632212
799,-26.349445,25.334375
800,44.125263,2.389909
801,-31.09479,-10.093864
802,-44.42573,-6.2639203
803,7.6419024,-15.668433
804,-20.832685,-27.477657
805,19.948128,29.493942
806,27.28355,-17.210325
807,31.00072,14.073207
808,12.204897,-18.828362
809,-7.110064,39.51575
810,27.477098,-0.87522906
811,36.287968,8.921303
812,-2.4110048,-15.089401
813,8.493864,13.092409
814,48.988934,2.2727427
815,40.956795,5.187383
816,-29.046057,0.6644658
817,-16.170284,8.076091
818,5.518656,29.79653
819,4.294128,-19.501503
820,-28.689802,-13.905753
821,3.331494,-25.37841
822,32.60926,9.463573
823,-12.4975605,-5.7997956
824,-5.612657,-16.48363
825,-11.402594,-18.7108
826,-13.023833,-22.00628
827,-16.52843,3.9126186
828,-17.552065,-25.184721
829,-28.919054,-2.662359
830,-47.469463,7.4234524
831,-14.83324,-26.334517
832,-35.52782,-6.499557
833,-3.6202533,10.807802
834,-19.551489,-5.8322496
835,-2.825322,42.30921
836,-23.51953,-7.0261593
837,16.993992,-28.669088
838,35.878582,1.4236339
839,46.437626,-0.6757384
840,-2.1544204,-33.413483
841,-6.785771,3.4388356
842,-9.172391,29.111134
843,-39.859615,-1.1760929
844,-12.101322,38.278893
845,10.05143,-18.33709
846,-5.709093,-22.649693
847,21.028349,-9.089505
848,2.4665484,27.99676
849,0.03279348,11.607483
850,-49.552124,3.510311
851,4.4227448,-11.906421
852,32.70736,23.891151
853,7.4337916,3.7724926
854,-12.86937,27.434034
855,2.261926,5.589107
856,23.117027,-3.4264154
857,-27.397223,-11.220308
858,-43.776775,-6.4129105
859,34.988525,18.890379
860,-11.918702,-21.421171
861,-39.328583,-3.4322333
862,46.21889,-3.1439557
863,-11.01302,-7.394113
864,-15.979672,2.434831
865,-31.22657,7.6220756
866,4.516162,-9.672363
867,11.190041,-30.02572
868,20.117628,30.707764
869,10.285649,-8.488837
870,34.588318,21.697721
871,12.002199,-27.273285
872,-37.69315,-8.91006
873,3.106827,-15.61254
874,13.747297,-9.229192
875,25.564604,1.6224431
876,9.526806,29.84215
877,-25.514706,-25.146626
878,2.1657453,1.9222753
879,0.6672164,16.493528
880,14.45101,-17.997114
881,-10.341941,30.55687
882,24.21413,-25.941654
883,7.7621927,39.5288
884,18.586945,-9.587556
885,3.8131588,-7.795671
886,2.696633,-21.108065
887,3.64527,41.176167
888,24.199842,26.818512
889,11.673066,-13.345164
890,14.015331,-12.889289
891,24.749165,17.31827
892,8.957585,0.6788115
893,-24.866484,24.625574
894,-16.06943,-11.696342
895,36.606827,15.179391
896,-16.74886,-16.707712
897,17.469269,4.310388
898,-3.1614397,-16.631552
899,36.925446,14.665504
900,31.435455,21.792866
901,8.317361,-5.335023
902,-13.063716,-2.9663293
903,-16.974237,-12.065198
904,-15.891962,-14.48335
905,32.76334,20.756279
906,27.543728,-1.1104678
907,-3.720902,-10.624468
908,40.79952,7.5008364
909,12.433161,-26.386662
910,-17.497797,-2.2529078
911,-12.536999,27.280088
912,-41.96688,-2.846814
913,-6.1228347,25.494352
914,38.913807,4.782078
915,45.7143,2.259257
916,-20.765175,25.83009
917,35.173294,9.553049
918,-7.8236027,-8.887814
919,49.071014,-1.0513577
920,30.744402,12.773472
921,13.884503,5.059568
922,-20.72032,-20.169193
923,47.937336,4.35688
924,13.908711,3.5083
925,-10.053705,-24.651865
926,-4.0963383,-7.2577696
927,32.151302,-15.120437
928,33.125748,-3.28385
929,5.551345,17.119144
930,-16.837818,-25.903664
931,4.992521,-1.8657391
932,24.380116,-25.997911
933,-43.12539,-12.152388
934,-22.202002,-6.668626
935,-20.198128,3.1537726
936,15.63521,-17.375471
937,15.738535,30.677332
938,42.31539,-2.3597689
939,-6.6510625,16.912157
940,-32.2066,-7.6268196
941,-34.207413,-1.715964
942,7.4736,4.233872
943,4.689665,3.2507565
944,4.864527,6.106802
945,6.619011,5.4287424
946,35.8225,23.07961
947,-48.24214,-4.0609994
948,35.764465,-21.287277
949,-5.8660936,33.864197
950,17.260702,-8.134281
951,12.292004,-14.099308
952,30.231792,-16.972572
953,-44.884674,0.05687334
954,-34.05649,-5.8068094
955,37.99372,10.186234
956,41.545185,2.6438272
957,35.736618,17.100609
958,-16.945827,8.676149
959,10.121531,-3.5894623
960,24.454693,-6.334888
961,7.35887,-14.814179
962,-12.667379,-25.0817
963,41.697502,10.399539
964,7.842345,-13.796848
965,15.344561,-20.108183
966,-27.88807,-20.993092
967,32.01334,7.1333175
968,-13.147733,33.07794
969,22.773932,-11.476939
970,22.815105,-7.203753
971,1.7592964,-13.384455
972,23.96982,20.475498
973,-26.322378,-1.1348368
974,4.60182,2.539237
975,-5.6279254,27.400005
976,36.171635,-21.413898
977,46.62722,5.7791586
978,-9.036302,42.32397
979,28.545158,3.1188204
980,10.698443,9.145572
981,-47.135887,4.075747
982,-49.89599,-2.473973
983,-18.665216,-29.661943
984,18.715881,-2.3048177
985,0.6028182,-27.839188
986,-51.977245,-4.2760777
987,8.22778,-32.38018
988,14.31064,-22.734428
989,5.644225,8.72275
990,-9.9465685,-25.600986
991,-6.2003927,-27.044449
992,9.117958,-20.657207
993,5.2078114,27.493643
994,-22.521757,-16.040962
995,35.628174,25.910566
996,20.05424,-3.5453537
997,-4.70535,-24.915148
998,-50.483746,-3.9667006
999,-25.400843,-13.927057
1000,38.184937,12.310974
1001,-0.08467036,0.31701103
1002,-10.237261,5.0191145
1003,-7.2698116,-18.307901
1004,-21.826372,-9.929949
1005,-20.171083,-8.035212
1006,17.434496,2.5099318
1007,-29.008202,19.871841
1008,-41.91658,-10.32319
1009,42.23815,1.6734394
1010,19.962795,31.051249
1011,30.86094,20.81416
1012,-2.7527947,-22.155249
1013,-46.040527,3.683282
1014,3.4093237,-9.646632
1015,21.628735,24.316528
1016,4.771024,-5.5780907
1017,-45.35649,4.217524
1018,-20.011066,-14.299617
1019,19.188778,-7.334965
1020,3.0996213,-9.868905
1021,-11.51699,2.1721714
1022,-43.463825,4.0014453
1023,6.7685027,-3.8907464
1024,-13.042001,30.648376
1025,35.2217,3.2560196
1026,-2.1733944,-25.771315
1027,7.164311,-25.450792
1028,-0.12635623,-3.205717
1029,-17.53467,-22.103552
1030,12.169891,5.048571
1031,20.354242,-11.895423
1032,27.905437,-13.423188
1033,-24.660099,24.966564
1034,19.911352,-26.719378
1035,20.486116,7.913913
1036,-6.8645124,5.5114727
1037,-33.60926,7.539007
1038,-6.5098968,13.040558
1039,13.067011,-29.905077
1040,-31.97363,-14.266584
1041,19.783674,5.477361
1042,-0.6515971,-19.453388
1043,-11.627125,-6.766475
1044,35.443523,15.392531
1045,-8.832784,15.8499
1046,-18.880423,-11.996346
1047,-7.143137,-13.907481
1048,8.20505,-18.985115
1049,18.52718,-22.4393
1050,1.5386633,-10.8678
1051,8.222173,0.17955717
1052,-1.0267972,-11.5118885
1053,-21.457973,-24.206066
1054,-15.401626,36.0099
1055,27.929945,14.982814
1056,30.252548,9.804927
1057,-44.389153,-3.5190096
1058,-49.422634,6.4390364
1059,6.6098146,42.732727
1060,-24.926653,3.447111
1061,-34.313282,-3.7530882
1062,4.226324,-12.164436
1063,18.520658,-33.119045
1064,10.652162,-26.04928
1065,-12.08824,34.4426
1066,-7.8835287,1.1432117
1067,-5.3912983,-2.7970953
1068,-4.086645,-22.391739
1069,-35.47964,-3.5052295
1070,-28.231485,-15.039393
1071,-0.332076,-19.499853
1072,-7.0324054,30.473318
1073,0.8053836,-7.337322
1074,12.47436,-16.724546
1075,-14.549297,-27.05642
1076,-1.0622146,26.996023
1077,13.446823,32.726063
1078,-37.51688,-12.165728
1079,44.41742,1.2569394
1080,-7.4740267,-1.2643416
1081,35.339783,8.671024
1082,17.127508,5.071903
1083,-25.440256,-5.2151785
1084,-34.4781,-8.9230585
1085,33.679703,-11.50111
1086,-34.93409,-12.206914
1087,48.002132,7.983922
1088,3.203512,41.19254
1089,-7.9822464,3.374698
1090,18.135225,-9.964436
1091,19.996487,3.264635
1092,-8.220776,-18.499727
1093,-10.331797,28.489689
1094,47.210052,1.8829151
1095,15.211762,-20.841011
1096,16.817734,8.062564
1097,8.211864,26.23699
1098,-30.413828,-23.455442
1099,-16.72925,14.691765
1100,25.94297,2.6154094
1101,-7.0211387,40.324615
1102,1.0113392,-4.0462236
1103,-5.410733,24.78902
1104,26.951757,-9.726304
1105,-3.4260492,14.752838
1106,0.49157265,-30.741858
1107,30.252113,-21.632063
1108,-14.906808,4.5598764
1109,-20.65628,-1.342821
1110,4.6798906,-23.735323
1111,-39.365498,6.924957
1112,36.59711,4.2910743
1113,-32.38911,-8.799763
1114,6.617218,-5.1346745
1115,0.26477474,0.20777802
1116,-18.636435,0.504382
1117,44.825092,11.554193
1118,-12.942668,9.679097
1119,-15.311425,24.874964
1120,18.55477,-16.407444
1121,0.4848593,-17.12755
1122,0.5837594,-17.113632
1123,-17.294802,-16.46828
1124,-6.7410507,-1.7447112
1125,21.121975,-14.754982
1126,-17.804005,-13.872519
1127,32.978397,25.45755
1128,-18.38833,-7.6262536
1129,-15.349032,-17.672216
1130,16.63237,27.83993
1131,14.274835,7.8922663
1132,13.460894,11.806418
1133,1.3530495,-9.540369
1134,-11.896292,15.661958
1135,-26.51335,-16.07554
1136,42.163803,13.977065
1137,-40.44938,9.915864
1138,-10.924284,-31.31646
1139,47.64534,7.3337116
1140,-17.540962,-7.1374955
1141,38.366707,8.438198
1142,-23.75491,-10.408201
1143,16.548307,-0.67875564
1144,3.5365486,14.146385
1145,-1.9899294,-14.352794
1146,-2.389567,-4.44298
1147,12.733933,1.4105611
1148,12.512509,7.935117
1149,11.173634,-8.985544
1150,10.020453,-8.350896
1151,23.600508,-8.73768
1152,-16.61734,38.616993
1153,-25.129358,-3.6702776
1154,-44.983017,-1.1920688
1155,35.711517,21.310467
1156,13.416466,-7.591561
1157,25.764828,-4.1379976
1158,14.270212,4.005592
1159,-3.310267,14.74744
1160,6.954954,-1.2088946
1161,26.063175,-1.1104888
1162,-6.513606,-5.5870204
1163,34.469143,-20.403526
1164,2.6064522,-4.120078
1165,-5.6383038,-20.789688
1166,-15.479303,5.2773294
1167,15.939413,33.221718
1168,-42.53917,8.267267
1169,-11.26458,-28.463524
1170,-2.8785973,-1.2431138
1171,-20.571417,-6.5257745
1172,-36.149193,-7.9870877
1173,-2.209795,-14.903656
1174,-6.6307974,8.487263
1175,11.015941,-5.577688
1176,-9.360757,29.624495
1177,29.573578,23.666302
1178,27.533358,13.8453665
1179,-21.580706,5.5619836
1180,24.349749,-3.148925
1181,-15.039906,0.29767436
1182,34.999237,10.886741
1183,2.6304562,9.768137
1184,-10.043659,34.70143
1185,13.663463,31.649042
1186,8.718305,32.44843
1187,4.983043,42.57007
1188,31.188522,-6.398242
1189,11.060625,-19.252098
1190,8.644334,-24.986126
1191,3.614008,-0.30088505
1192,2.9450426,-17.486845
1193,-2.1117725,-6.8204308
1194,-6.8970838,29.691816
1195,27.719711,16.544697
1196,33.17718,17.448416
1197,-4.4665136,-20.426155
1198,-25.166561,4.3338046
1199,4.9016104,36.409622
1200,-10.6754055,13.6001
1201,-1.5644497,6.7088385
1202,-41.294037,-8.49197
1203,-6.5375323,5.9068055
1204,-8.645489,12.579673
1205,0.5893648,-38.58877
1206,-32.164516,-6.922996
1207,0.8783699,28.267094
1208,-6.82487,16.840214
1209,21.18431,-5.8550544
1210,16.062561,33.64686
1211,14.918564,6.661329
1212,11.391131,-23.268652
1213,23.36557,-4.848549
1214,-20.99449,22.418476
1215,12.257216,15.669889
1216,-13.253854,-24.370079
1217,20.073183,-14.307135
1218,-18.294315,-7.491552
1219,21.107298,-15.214976
1220,-3.9173396,1.7610226
1221,24.167978,-16.573805
1222,51.52009,-2.911019
1223,-34.747856,0.81387836
1224,36.0503,-17.218134
1225,-29.45438,-25.282478
1226,41.032784,4.5585155
1227,-14.502045,8.874086
1228,-16.479328,-8.204681
1229,-19.10222,11.816024
1230,-3.2844915,-7.5244446
1231,-30.544598,-23.26513
1232,31.439838,-4.6121073
1233,14.197992,-0.69002664
1234,-23.625988,-12.994506
1235,-1.4220972,-10.959296
1236,8.991114,-29.430815
1237,12.493526,-32.13608
1238,-43.98802,4.1846437
1239,-20.436113,2.3454492
1240,-1.5329251,35.11535
1241,18.386845,11.359656
1242,3.181073,-30.697874
1243,45.940853,0.1878181
1244,-7.9457984,31.691673
1245,17.920053,-24.304354
1246,-21.562826,-12.285457
1247,-35.30628,8.975772
1248,4.786757,-22.101635
1249,-5.3016644,-9.544988
1250,-45.75889,3.4804235
1251,-7.910226,-5.8880672
1252,12.039779,-17.553555
1253,-18.612886,-22.782988
1254,25.116312,-25.038752
1255,-3.2602963,-18.68386
1256,-47.331776,8.225079
1257,1.7066263,-2.7438564
1258,12.425734,-32.794518
1259,3.3291473,-6.3398733
1260,-8.398334,11.034436
1261,7.6827846,-5.54268
1262,-12.9576235,-19.43962
1263,-31.585957,12.467861
1264,-11.931204,36.254826
1265,31.157028,24.403831
1266,5.1294193,-5.0178614
1267,-12.273343,33.357872
1268,20.565613,11.1591215
1269,22.407845,30.052538
1270,-15.867101,1.0486333
1271,-1.4699404,-15.9024
1272,-43.184547,2.9659886
1273,4.882847,1.8949102
1274,-39.110344,-1.0083401
1275,11.52646,10.908437
1276,6.8124967,18.677666
1277,9.013978,-19.574417
1278,31.613352,26.4857
1279,30.17224,-2.8037205
1280,-33.11773,-17.411684
1281,-20.306648,-17.112988
1282,-6.7013555,-38.480408
1283,28.400434,-5.781439
1284,-14.493499,-12.452198
1285,15.486661,28.287037
1286,-12.8746395,-7.9169016
1287,-7.6065063,6.8660593
1288,-10.868792,13.655547
1289,10.533838,3.3594458
1290,32.520336,-7.560829
1291,-34.93542,-10.142146
1292,-34.85976,-10.301331
1293,3.2827337,-27.54169
1294,-14.90487,8.547185
1295,-28.288145,-8.036057
1296,34.578583,-10.369218
1297,-5.258811,-1.6712831
1298,-38.545357,-1.4005326
1299,-2.3984134,31.868963
1300,-3.6145773,5.119545
1301,0.67589295,39.274887
1302,51.10983,-1.8211974
1303,-29.363182,-25.44091
1304,42.330723,-2.3476703
1305,21.878084,0.3347169
1306,1.9710455,1.9009733
1307,6.4494233,-15.667032
1308,-12.475112,29.456326
1309,-3.7025247,21.710094
1310,2.417836,-20.067795
1311,27.280458,21.715208
1312,-22.70677,-20.89098
1313,-31.310865,-6.013977
1314,-39.362106,10.313453
1315,5.227961,35.01581
1316,-6.237717,32.835262
1317,1.2055589,36.464737
1318,-11.309323,-13.009006
1319,10.726852,0.29949114
1320,-3.1601634,-13.782727
1321,-16.762552,30.498411
1322,-9.753779,-3.2583184
1323,21.61174,5.339502
1324,-18.388205,-27.209991
1325,-3.6979368,11.141277
1326,-12.411106,-4.021587
1327,-47.99776,-5.4660015
1328,38.234505,6.7771955
1329,-2.4008584,38.72211
1330,-21.79688,-3.463219
1331,36.600235,2.4618845
1332,45.56712,4.95208
1333,-21.578667,23.705889
1334,-3.6767364,35.61329
1335,-5.8259864,-16.443096
1336,-1.4880967,10.375324
1337,-8.041014,33.168858
1338,5.162073,-16.471779
1339,-43.173855,-3.593803
1340,-21.418255,23.010298
1341,10.541691,-16.93044
1342,9.54986,9.705537
1343,10.894661,-28.23509
1344,-20.282448,-1.9681727
1345,-6.47832,33.05876
1346,-8.918846,-20.593252
1347,12.87918,9.154433
1348,-12.402585,21.800655
1349,50.217636,4.322844
1350,-11.011109,-14.588879
1351,9.690463,-11.430887
1352,36.66575,6.5291634
1353,-8.646181,8.6949835
1354,-25.59961,23.727766
1355,-44.346672,-8.07316
1356,2.4012702,-30.396091
1357,-4.1360326,33.770405
1358,32.242153,3.9969952
1359,-2.8640842,-24.86755
1360,-3.9432597,-24.555706
1361,-2.5340323,-1.0360732
1362,11.888754,0.5786737
1363,-8.943498,0.35213074
1364,20.809113,-17.976576
1365,-3.9962637,-28.475965
1366,-42.322403,0.7608648
1367,5.1086574,-34.34807
1368,-22.571802,-9.951027
1369,17.623,8.220169
1370,-49.16403,-1.5547444
1371,5.8887386,12.152207
1372,6.9827027,-11.872691
1373,-9.833032,37.082706
1374,20.797073,11.2549305
1375,34.48411,25.608923
1376,-39.63974,4.031062
1377,-17.848196,-13.494694
1378,31.45174,19.255713
1379,7.334242,-29.48431
1380,-36.158577,2.059066
1381,1.4373207,-30.337914
1382,-22.571463,-20.815638
1383,-16.105886,-29.830692
1384,-13.156208,38.829056
1385,-1.4551771,42.225002
1386,4.7724156,-24.42776
1387,-23.024298,-5.1424937
1388,-27.568008,-8.429622
1389,3.7983382,9.025925
1390,6.942288,32.021725
1391,-33.23098,5.9408226
1392,-26.1508,11.666162
1393,23.471449,-18.228165
1394,2.3609746,-20.058542
1395,-8.718803,26.307978
1396,-6.785351,-38.25899
1397,-3.5569663,-35.72519
1398,-9.05418,6.4973583
1399,1.8826004,31.416695
1400,19.467812,-7.738312
1401,-20.121773,-19.338097
1402,38.19744,17.234838
1403,-25.531755,-20.417393
1404,45.839905,0.04986281
1405,26.834526,-23.899971
1406,5.54763,34.589714
1407,-5.8056607,-7.355529
1408,-27.23678,-11.544159
1409,-23.347233,-1.6647742
1410,18.809364,0.16235743
1411,23.157307,-11.566653
1412,-14.95514,2.8191667
1413,11.959587,-4.916844
1414,-15.386058,-21.845245
1415,10.104122,29.535294
1416,-20.901167,-25.850555
1417,17.867386,-14.94288
1418,6.556231,-20.105175
1419,14.879106,8.907774
1420,-3.250217,-6.054191
1421,-11.023283,33.325306
1422,28.900799,-0.1203349
1423,-5.845912,1.5617905
1424,-19.817268,-4.129624
1425,15.666866,-5.6278496
1426,8.291848,5.2571507
1427,-8.786908,-18.337893
1428,-12.165523,11.37129
1429,6.748908,-21.773045
1430,17.108997,-10.261579
1431,32.457226,0.7404672
1432,23.998,-15.036792
1433,8.095317,35.825104
1434,-3.2929227,43.12148
1435,3.103347,14.031739
1436,-10.531734,-26.521528
1437,-28.744482,0.87477773
1438,38.7383,21.940073
1439,-44.39194,10.914383
1440,24.061964,-12.982198
1441,0.68833697,-6.103904
1442,5.016422,31.226456
1443,-40.136665,13.996899
1444,40.16177,11.732721
1445,33.307354,-24.857483
1446,10.980091,32.228474
1447,-3.8403637,37.656773
1448,6.830971,33.140347
1449,13.545885,-23.083609
1450,-22.086124,-5.834419
1451,-8.488701,-16.146257
1452,23.905094,-11.678262
1453,11.2153635,-31.144733
1454,2.8033884,-16.653008
1455,-2.918224,-15.873433
1456,-13.510717,-4.898946
1457,-14.853286,-17.06661
1458,-1.6074847,4.1933646
1459,-11.510374,-9.794271
1460,-14.112742,-19.461157
1461,-8.033024,-11.219445
1462,7.7779083,-36.470566
1463,40.48583,1.6801428
1464,7.874188,-6.662905
1465,-20.930737,4.9491825
1466,-8.167737,11.387881
1467,20.4116,4.021654
1468,-15.167722,32.89831
1469,18.277872,-21.108873
1470,-19.793343,-10.31519
