Feature,Importance
numeric__MonthlyIncome,0.12756809920967235
numeric__Age,0.1017346900052479
numeric__EmployeeNumber,0.06242291383839562
numeric__MonthlyRate,0.05916905887880477
numeric__TotalWorkingYears,0.0539062063572936
numeric__DailyRate,0.04947861310169521
categorical__OverTime_No,0.04601239672749551
numeric__JobInvolvement,0.03138411612522034
numeric__WorkLifeBalance,0.029038706199755137
numeric__NumCompaniesWorked,0.027531577757731074
numeric__HourlyRate,0.026193800543706038
numeric__PercentSalaryHike,0.025046132387010013
numeric__RelationshipSatisfaction,0.024623717615171667
numeric__DistanceFromHome,0.02390304259286325
numeric__StockOptionLevel,0.02382088587761783
categorical__OverTime_Yes,0.023348292083429506
numeric__EnvironmentSatisfaction,0.02258307389237007
numeric__JobSatisfaction,0.020472326308210005
numeric__YearsWithCurrManager,0.019712567439963614
numeric__YearsSinceLastPromotion,0.01953445550416098
numeric__YearsInCurrentRole,0.018054575319409034
categorical__BusinessTravel_Non-Travel,0.01655117319043066
categorical__JobRole_Laboratory Technician,0.01617236292584424
numeric__JobLevel,0.0133840964261503
numeric__YearsAtCompany,0.011927337226225162
categorical__Department_Research & Development,0.011859772802257107
categorical__EducationField_Technical Degree,0.011775929048814453
categorical__JobRole_Research Director,0.011642359857546612
categorical__JobRole_Sales Representative,0.011253620181796114
categorical__BusinessTravel_Travel_Frequently,0.010172134938833028
numeric__Education,0.007310438689600247
categorical__Gender_Female,0.0068009372447517275
categorical__JobRole_Research Scientist,0.006625983025402597
numeric__TrainingTimesLastYear,0.006244248773529034
categorical__EducationField_Other,0.004258397408486866
categorical__JobRole_Healthcare Representative,0.004128475764641491
categorical__JobRole_Sales Executive,0.004018706904835872
categorical__EducationField_Marketing,0.0032522770822418496
categorical__EducationField_Medical,0.0028165086747662165
categorical__EducationField_Human Resources,0.002242856700192621
categorical__MaritalStatus_Divorced,0.002023135368429421
categorical__Gender_Male,5.273538323325436e-16
numeric__EmployeeCount,0.0
numeric__PerformanceRating,0.0
numeric__StandardHours,0.0
categorical__BusinessTravel_Travel_Rarely,0.0
categorical__Department_Human Resources,0.0
categorical__Department_Sales,0.0
categorical__EducationField_Life Sciences,0.0
categorical__JobRole_Human Resources,0.0
categorical__JobRole_Manufacturing Director,0.0
categorical__JobRole_Manager,0.0
categorical__MaritalStatus_Married,0.0
categorical__Over18_Y,0.0
categorical__MaritalStatus_Single,0.0
