Actual,Predicted,Attrition_Probability
0,0,0.2549164687274205
0,0,0.17707195939074785
0,0,0.17163166026980445
0,0,0.18204808691703345
0,0,0.1324905850638068
0,0,0.15784436797033533
0,0,0.1147767007821011
0,0,0.13152550531582394
0,0,0.2858298012935745
0,0,0.15006743071538312
1,0,0.34494658331175904
0,0,0.15798837196359322
1,0,0.22305399133269674
0,0,0.1502924028952985
0,0,0.17226097678911104
0,0,0.2489456132514767
0,0,0.13725125917547942
0,0,0.12001474417611104
0,0,0.2089168128780923
0,0,0.11824511157033125
0,0,0.13639993155642818
0,0,0.10328862315107575
0,0,0.18464521683829446
0,0,0.020820435942647285
0,0,0.034866369798023135
0,0,0.19857545202828847
1,0,0.09918475962481159
0,0,0.14877078633161417
1,0,0.313615787105759
0,0,0.03975834042533905
0,0,0.18036732680911016
0,0,0.11507248118665475
0,0,0.19029827114647477
0,0,0.28925343071638154
0,0,0.1508578525026894
0,0,0.1895908340347837
0,0,0.16868323933605697
0,0,0.12751263613765407
0,0,0.168128619664886
0,0,0.11778502406652049
0,0,0.1781422813868735
0,0,0.04759760462598085
0,0,0.2685414456382593
0,0,0.16160397117425954
0,0,0.17669257079100195
0,0,0.20855709040384643
0,0,0.20968097054417273
0,0,0.1735266211507963
0,0,0.20739933748658834
0,0,0.18710958342100414
0,0,0.08256425143277167
0,0,0.20222265448684795
0,0,0.23740910549093258
1,0,0.024313970984026087
0,0,0.27406068366066233
0,0,0.1274190259228943
0,0,0.1544723855060802
0,0,0.17698888716806405
0,0,0.21119680467446347
1,0,0.06619352253057441
0,0,0.10313891218193487
0,0,0.1429880755316233
1,0,0.1283703750828238
0,0,0.06360473373479085
1,0,0.23885993122926336
0,0,0.1572831479664446
0,0,0.07182624321484879
0,0,0.12488196568173435
1,0,0.24088808889672858
1,0,0.25756477204515754
1,0,0.12902975574209807
0,0,0.021620072828511895
1,0,0.24706117758639978
0,0,0.13549791214309934
0,0,0.13865360322925055
0,0,0.1001391394544716
0,0,0.16877593762816365
0,0,0.10710843003347625
0,0,0.16819621299474755
0,0,0.2063403482271509
0,0,0.16713328886493828
0,0,0.17387987845753275
0,0,0.1735529748457608
0,0,0.2306940219585692
0,0,0.23582290507615614
1,0,0.035563526569813014
0,0,0.24172332458737134
0,0,0.15937215715643002
1,0,0.09215130690215168
1,0,0.2814529643054317
1,0,0.2180084712391745
0,0,0.30470181126156337
0,0,0.13937192412069876
0,0,0.18911048038565403
0,0,0.02843742185543004
0,0,0.17138004221957637
0,0,0.08659963895046953
0,0,0.2593771842561611
0,0,0.10223662962581354
1,0,0.32996822224562494
0,0,0.06497559461550698
0,0,0.13693623749245407
0,0,0.1216365767978008
0,0,0.17937690334584935
1,0,0.2436137520742454
0,0,0.2167616091139297
0,0,0.2550116479368315
0,0,0.13257351751163102
0,0,0.18474445721502078
1,0,0.1402293893254887
0,0,0.16071602263643164
0,0,0.1474618768258088
0,0,0.2902378655495039
1,0,0.05374180987271739
0,0,0.17095683433718195
0,0,0.06287351162832187
1,0,0.18242402780478778
0,0,0.09060534004275628
1,0,0.14556066663688638
0,0,0.1588695177954645
0,0,0.13823952914866253
0,0,0.05947993901454515
0,0,0.0956610046901455
0,0,0.22764358742119775
0,0,0.04671367223838076
0,0,0.13792214584401047
0,0,0.22272557086472716
1,0,0.23330265022391503
1,0,0.24423387555424933
0,0,0.10033353128069926
1,0,0.17768631370474716
0,0,0.03469212982288228
0,0,0.10042240254367689
0,0,0.042498174184989995
0,0,0.033064538668799756
1,0,0.2506826152756977
0,0,0.19466627387741467
0,0,0.13649792635973876
0,0,0.09964829118904947
0,0,0.30351675241273623
0,0,0.1832458782855629
0,0,0.17551611001106807
0,0,0.06056468746898508
0,0,0.14186637192217655
0,0,0.10009416537390803
0,0,0.03356252892857496
0,0,0.12797792546683454
0,0,0.16587251152444998
0,0,0.05497197524446181
0,0,0.28767432987743075
0,0,0.2069687297194802
0,0,0.06343492838638873
0,0,0.16071883042537988
0,0,0.045802967494798
0,0,0.24346684173829664
0,0,0.047621806658582705
0,0,0.30906780604923545
0,0,0.02519906555577976
0,0,0.09291542984869293
0,0,0.24927645866508344
0,0,0.30827497814671684
0,0,0.05637748778156219
0,0,0.21398292855558382
0,0,0.11402638408807386
0,0,0.043026001102292884
0,0,0.031344272696802726
0,0,0.3130523908782633
0,0,0.23350048770317855
1,0,0.31642749552969623
0,0,0.15524750187787076
0,0,0.11693732967218871
0,0,0.12996418590882688
0,0,0.13814082433466504
0,0,0.11847947359098925
0,0,0.022523561816385297
0,0,0.22152515099948958
0,0,0.13494952131944218
0,0,0.17265567763457654
0,0,0.05764424084945777
0,0,0.18910804971582104
1,0,0.2986125100629802
0,0,0.1201207478149909
0,0,0.02395040725690686
0,0,0.14191037946693247
0,0,0.12436356062720584
0,0,0.1782966900173178
0,0,0.25982617100327576
0,0,0.16273493923532495
0,0,0.040912151727081056
0,0,0.19633677014856832
0,0,0.1221021526318396
0,0,0.3028877719449621
0,0,0.2456307888590755
0,0,0.07248845627184763
1,0,0.17878882978889374
0,0,0.05221711809980452
0,0,0.15042759745968065
0,0,0.18189776913517977
0,0,0.3664650123966613
0,0,0.2581271288938183
0,0,0.1240603211196388
0,0,0.1363623128492067
1,0,0.19301084447231287
0,0,0.2526346922381035
0,0,0.030934076909321463
0,0,0.14054696452706178
0,0,0.2947883167385568
0,0,0.044614193747645345
0,0,0.11103092243686802
0,0,0.06193771874033407
0,0,0.11930769296773602
0,0,0.17805693063859776
0,0,0.14154849099981168
0,0,0.14885954017480618
1,0,0.30967435662599047
1,0,0.17941105047398126
0,0,0.17079794807779441
0,0,0.14428943523330712
0,0,0.18416874011932363
1,0,0.1628187089481793
1,0,0.1530411465531493
1,0,0.28471851509289975
0,0,0.14706001403366167
1,0,0.2660369660489425
0,0,0.19553412168255882
0,0,0.04641596801891123
0,0,0.03149528760866098
0,0,0.2146789412848174
1,0,0.18853472875178492
1,0,0.13487342715316247
0,0,0.11726194895376621
0,0,0.2613640203772272
0,0,0.073502054933622
0,0,0.20266056807074626
0,0,0.14305770471675353
0,0,0.20740308374202845
0,0,0.17772686948746652
0,0,0.12062619314761334
0,0,0.1358642319798076
0,0,0.20878128615061914
0,0,0.05454283411965444
1,0,0.16965443033853939
0,0,0.15152041199819544
0,0,0.21303762414490143
0,0,0.08755606161593488
0,0,0.16816134037011773
0,0,0.2180599964914544
0,0,0.18621533690196082
0,0,0.12840420608575193
0,0,0.12094265469588822
0,0,0.19404118621610306
0,0,0.25328096119577637
0,0,0.2513410032316392
0,0,0.12059703333936637
0,0,0.2020075378824405
0,0,0.11488275442406967
0,0,0.15033128394452583
0,0,0.11092200594937557
0,0,0.20310594489657458
0,0,0.20003328065311385
1,0,0.1778460624105928
0,0,0.26047225072118574
1,0,0.18455789717144533
0,0,0.21112225723136863
0,0,0.17487912866822836
0,0,0.131329669833649
0,0,0.07008097919086949
0,0,0.04122377600007199
0,0,0.18716156659029545
0,0,0.11944999801411378
1,0,0.1631928073229014
0,0,0.10554821566720099
0,0,0.1896728050610941
0,0,0.04924914683291304
0,0,0.2433523870507621
0,0,0.24291630695674596
1,0,0.16075334569771832
0,0,0.2304205643182577
0,0,0.26603812618697
0,0,0.1384017074653565
0,0,0.1361244091434825
0,0,0.19339962437382938
0,0,0.16621433187757415
0,0,0.045729778142051265
0,0,0.18704478452497608
0,0,0.054089584728658706
0,0,0.12555321287458363
0,0,0.11447783104609381
0,0,0.23202172940926913
0,0,0.20268611644372134
0,0,0.11992840635423864
1,0,0.08759499011700307
0,0,0.10341553462837022
1,0,0.1274300774039365
0,0,0.23295622533349608
0,0,0.24215154007324602
0,0,0.2593627828480686
0,0,0.1573433964286766
1,0,0.32506565941015325
0,0,0.09984756327005971
0,0,0.16329091915714908
1,0,0.2575061846233784
1,0,0.10203741480359668
0,0,0.11953367957463464
1,0,0.17776821058765688
1,0,0.18852824466915022
0,0,0.13516781727284874
0,0,0.09866652363090918
0,0,0.10099654010974343
0,0,0.13864614785114807
0,0,0.20076872001140467
1,0,0.0649471459685145
0,0,0.06343203616397809
0,0,0.0870619140342843
0,0,0.3162736287327619
0,0,0.19830399468809595
0,0,0.19917795719466624
1,0,0.08637026515624845
0,0,0.16401975607874364
0,0,0.15023298326242882
0,0,0.13736771955426796
0,0,0.31572687267286464
0,0,0.21167030952245422
1,0,0.2231511045838154
1,0,0.21508350529505016
1,0,0.2583667491119664
0,0,0.1827939454209337
1,0,0.23295799601295092
0,0,0.039117885563565435
0,0,0.29382172509012083
1,0,0.15581725500780794
0,0,0.24094412232900836
0,0,0.20090987526348336
0,0,0.2627275564317292
0,0,0.1247366906804214
0,0,0.17755611106283065
0,0,0.06225768696266988
0,0,0.20262383286482583
0,0,0.023720201286587327
0,0,0.31977326238482984
0,0,0.04401602227522708
1,0,0.26479742832893227
0,0,0.05326453742583525
0,0,0.15760141796184676
0,0,0.07457093154607503
0,0,0.04297692398502361
0,0,0.36935115557560105
0,0,0.2856442675818755
0,0,0.15917039387009702
0,0,0.10014914197547407
0,0,0.05720076574431877
0,0,0.153562639901621
1,0,0.11554029010634
0,0,0.07384976659762568
0,0,0.17308758762669121
0,0,0.263268444230923
0,0,0.05123235824859302
0,0,0.0543855945819315
0,0,0.15227997574481036
0,0,0.2859018375640444
0,0,0.24335583200246025
0,0,0.12256579586408603
0,0,0.05455965328284133
0,0,0.21497962378286162
0,0,0.18995332022751918
0,0,0.22764463206147292
0,0,0.10610124370883987
0,0,0.17203435969217326
