Metric,Score
Precision,0.783207272106256
Recall,0.7687074829931972
F1 Score,0.7754806540614597
ROC-AUC,0.6047922633896947
PR-AUC,0.21620018318029166
RMSE,0.4809288065886704
MAE,0.23129251700680273
MAPE (%),63.71308016877637
P-Square (R2),-0.7103493588756453
Outlier Precision,0.8067813729456452
Outlier Recall,0.7916063675832128
Outlier F1,0.7986809084206894
Normal Precision,0.7623064795759141
Normal Recall,0.748395378690629
Normal F1,0.7549018373412278
Outlier Sensitivity Difference,-0.04377907107946155
