PC1,PC2,DBSCAN_Cluster
-0.08189045625904592,0.4619561547633348,0
0.4450444504204238,1.229425816100103,0
-0.87144756725329,0.6453198880308554,0
-0.9288307124516201,0.18216817120365084,0
-1.3745061305769126,-0.37470829370539577,0
-0.9686108483301433,0.07595573726535756,0
0.8963040371762118,2.3766566155347113,0
-1.6889658028180388,0.054714536054692925,0
0.32873630304274193,-0.28522769473140824,0
0.2466957836741987,0.0045822477961719316,0
-1.0283493390244365,0.44489943256960574,0
-0.8502493781348399,-0.35618062302471165,0
-1.2853233567465647,0.05416500029306113,0
-1.2974837771211978,0.37182189502910645,0
-1.4902043316358509,-0.10089792219601151,0
-0.1478659777780183,-1.113315099780296,0
-1.0202213511305496,0.06022341059789049,0
-2.132220697063699,-0.6602262502852009,0
3.6011822936838795,-0.07767680587629192,0
-0.6668705377977386,0.5025235529213105,0
-1.5653621520649916,-0.6876211995010449,0
-0.5320995775093383,0.34452380284486506,0
0.6305490366701316,-0.9928429786276062,0
-2.4775228742853055,-0.5084669629606545,0
-0.8635623246161359,0.2609055334089782,0
3.648624685280279,-0.48564679898445967,0
-0.7062703269408749,-0.06410255721836583,0
0.23722236898005286,0.4097935797292606,0
1.8842045460018582,-0.06826219015996904,0
2.8991293930900643,-1.0068457318992114,0
-1.0584838152916731,0.25056189750902647,0
0.23215878302101028,0.6420728805163164,0
-1.0323384069102428,-0.010804231334697604,0
0.20053819770719358,0.6443499592163956,0
-1.6943541202739079,-0.4772083645542779,0
-0.5291416631018289,1.0995258947718938,0
-0.349559438676438,1.7355016281999385,0
-1.396459691210214,0.5562405808916916,0
-0.848747935267728,0.40039147300134387,0
-0.4703520236221193,-0.16931734194899004,0
-1.483632374121999,0.5788425209754576,0
-1.9089241193694204,-0.1554616492524312,0
-1.9738283893198052,-0.23459151248251536,0
-0.49775022865186863,-1.1057100121205197,0
-0.6542083980593522,-0.27567785169103676,0
2.755844513233948,-1.526493086195533,0
-0.5093427235534418,0.021806147011659137,0
-0.6788020702910335,0.5090234844425787,0
0.6638353557641109,0.8317632836681025,0
-1.4450358783014583,0.5372374123512524,0
1.450271291572676,0.9245042427388801,0
-1.6368096370528016,-0.22832823060089003,0
0.10945105574249868,0.7743457258593085,0
0.19495255263156117,-0.5882957892309402,0
-1.4294849807458982,-0.5359031567868214,0
0.9082125954592588,-1.298512195462796,0
0.016507653188182793,-0.46730692560817305,0
-0.9946620198278595,0.26585439392616983,0
-0.5230889445101735,-0.4106564519826497,0
-0.3977301987389172,0.13467605482244913,0
-0.5135577288395563,-0.34320307149754736,0
-0.535436810926598,0.6463080706910493,0
3.6670022454462545,-0.738639572633375,0
2.771581199467669,1.4970550551905903,0
0.8364453849069265,-0.6311385786346878,0
2.8426359543805906,0.32452653488542393,0
-0.47492023989896853,-0.0025762457488203877,0
1.9592098798513127,0.07134511655984055,0
-1.1360339961301569,0.4896122637146633,0
-1.1706153160458763,0.46188499117933474,0
1.8727211730850308,1.8950544762260675,0
-1.349199423699683,-0.10380077314006822,0
-1.6531909636756092,0.16524448126530922,0
-0.42699190906960355,-0.3651508432067191,0
-0.9745171140000538,0.4645985217093152,0
-0.6245293260798989,-0.22994286124246932,0
-0.004178488678286044,0.054552936033825904,0
1.7503532457321151,-0.27444490431854085,0
1.249055099382625,-0.9981838325552009,0
0.7317369265102779,0.9013005364044319,0
-0.6779303320801201,-0.3928385620978404,0
-0.9757949909417506,0.38824845132972874,0
2.5329744140232893,0.872423988802396,0
0.37601883306150197,0.16336530895601542,0
-0.9364673088699809,0.12539582283632986,0
3.264324433129397,1.160914944681551,0
-1.9884913198141638,-0.5233341650614868,0
0.19240783833841346,1.799942452229676,0
-0.7166210647843752,-0.2797659812907232,0
0.7331248204664763,0.40024322907453563,0
1.8839065015301837,-0.8070464833979473,0
0.6804743127446831,1.3451968838888346,0
-0.5883301966010054,-0.41805717567998407,0
1.8153660586611091,0.09003151294351508,0
-0.4148003747436511,-0.23556093368262157,0
2.2394297715299705,0.46882999370570927,0
-1.5249722025636057,-0.8025254517570266,0
-1.3035603649528562,-0.373456752729249,0
4.264523226790849,0.45230302680639123,0
0.3315373063536425,1.1058748761715316,0
-0.8735109019355202,0.6475440605044764,0
-1.5388880339800672,0.19112503880340717,0
-2.2514698182965844,-0.8298685064633119,0
-0.002934676168938876,-0.09588128002705024,0
0.2967925929638726,0.09967381936635969,0
4.290856660220208,0.002083223246899346,0
3.518536385209397,-0.6499666267155725,0
-1.2164187959923904,-0.8433054970731578,0
-1.8810424792774796,-0.41233768092423706,0
-2.1399885452791536,-0.6518528950903922,0
1.8827530803937647,0.9055906632630373,0
-0.4060817525582193,-0.16086994885230457,0
3.2547803853997777,-0.12610639375989005,0
-1.635973886029631,-0.5401393621902613,0
-0.3579367844911365,0.0013298314037961945,0
0.17407055959046627,-0.12486736150553183,0
0.6660169798977961,-0.9597097731959273,0
0.2363105326788487,-0.48378419306659265,0
-0.8401033429090556,0.4624389205900961,0
2.7191840785052106,-1.0460562807306695,0
-0.9829397471650853,-0.0640535370266836,0
-0.5359475144293231,-0.24134043450877835,0
0.5997452860306862,1.8922224528865195,0
3.345657370094952,-0.6713476205342775,0
-0.33284376437059443,-0.47299954356455576,0
-1.6466206128935317,-0.301841712356937,0
3.9914890844555724,0.8893520723898674,-1
-2.5419115674965416,-0.7372460402021013,0
-2.0231738053012953,-0.6350416133463732,0
1.096614161331237,0.955261313858408,0
0.6793271085939433,0.6532471567252333,0
1.4762376566359052,0.6951394580238246,0
-1.1648274725233019,-0.14708947740938422,0
0.5027486649325321,0.11720773038595908,0
-1.3383741022370814,-0.4200184974520059,0
-0.584492587569248,0.18690320121092527,0
1.8693877851785572,0.5631683412892308,0
0.5046437329042888,0.17380749285368505,0
-0.8650450368714301,-1.2220689859633285,0
-0.37068193819525397,-0.581305316301551,0
-0.6721646183698938,-0.10086681987057244,0
-0.0744585624584014,1.1216846226731059,0
0.4122421478040176,0.26705015084617384,0
-1.3782647038496063,0.005257715969239479,0
-0.694888435619078,-0.14773756116873396,0
-1.0702609384498891,-0.11265740177599165,0
-1.2880577052286593,-0.020615065987498748,0
2.3098672051261953,-1.1884834415595376,0
-0.6171708830998767,0.9675960226476226,0
-2.485688904818209,-0.7264853931815519,0
0.7662530680423282,0.2549967182391551,0
-0.11928118220925639,-0.2495674048659483,0
0.5771803050427481,1.8974613768841657,0
0.6663343363966697,1.1081713955809143,0
-0.1693449547922181,-0.7142473735675038,0
-0.8349564269606634,-0.3726656660644911,0
0.6848165916212242,1.2691502330837616,0
0.6806949281890681,2.2458814273549836,0
1.0058283303428657,-0.36008298226560653,0
-1.1110953853446939,0.3850021195525977,0
-2.1269745382992884,-0.5945154597987198,0
-1.5497682059381102,-0.18578446712252655,0
-1.4865902885295086,-0.17615957095157112,0
1.5997185910113298,1.3202237107564008,0
-1.8816152779869622,-0.1848992261091802,0
3.1747405240913253,-0.7789329625761611,0
-0.11416126930963519,0.853571938506642,0
0.0021747761465735573,-0.9832263656523641,0
0.3858357098642921,-0.20404624492729803,0
-0.9722520271811377,0.07988074751292411,0
-1.4242689082071696,-0.3210664869886531,0
-2.3834931517336324,-0.8366473474632525,0
-0.4536114523506353,0.4740151643712446,0
-0.7681772960954771,-0.15282503094220434,0
0.11415450202310908,0.9183690918491593,0
1.4683706983003133,1.8122780046127356,0
-1.2965769467522978,0.29311681850098,0
-2.531931876225838,-0.6766377630374568,0
2.027242702394574,0.07573666573404056,0
-1.1859684396714176,0.7766217928424887,0
-1.002713606420094,-0.10774251790211596,0
-0.8628069531012849,0.3314571698674579,0
-0.7462713942874019,0.8926623035624177,0
-0.06828478726199863,1.5750332804288691,0
0.20119356166290714,1.7318293263690883,0
-0.9474007245916914,0.20218572346624014,0
2.4755709290721226,-1.516197287135502,0
4.516892908352505,-0.40975109830101725,0
0.09497159308326378,-0.6296147204094666,0
2.4822795930348733,0.11659903214776182,0
4.335598188760725,-0.8043365029232514,0
-1.439291978379961,-0.23350647279071857,0
-0.44570645137602644,-0.04042893002505398,0
-0.517098637148895,1.1579099994629172,0
2.5784929951715054,-0.8103090420752059,0
-0.6130181057164011,0.4381116326365433,0
-0.4676206256210549,0.1259252421512501,0
0.12740727605304045,0.599534694038844,0
0.2860003082079833,0.04630314654692991,0
-0.14707153589851318,0.15630367244262594,0
-1.2737668490327338,-0.4833002438880699,0
0.40964360833182123,1.0534884999775198,0
-0.9983673493368859,0.192120997044961,0
0.021010823777244194,0.7015014560262222,0
0.5391436455860515,-0.012475150134965278,0
-0.4319993007839487,-0.8070334667951875,0
-1.967315260508062,-0.6238884653010671,0
-0.8433532681302984,0.5373080683208991,0
-0.5151206879072887,0.5657657457131673,0
1.342268382938326,0.314543790070436,0
0.3984505068010716,-0.9694732786231616,0
-0.1125223576597503,-0.8595885428540183,0
-0.5044799947013294,-1.2411874370159668,0
1.9336610067234872,0.35115321656623605,0
-1.1366517661663538,-0.0410913815953618,0
1.4765084326670463,-0.6469934557813605,0
-0.5669015128694429,-0.5838880131566127,0
-1.347958561671366,-0.033772471381264185,0
1.6958983774351126,0.21245008044291502,0
1.3159054422894219,1.464343426163501,0
0.24933884575360904,-0.06963273156003653,0
-1.0431908641174967,0.234076854469247,0
0.5923877380804196,-0.7185243159669126,0
1.0168663108365181,-0.5274364946156948,0
-1.0317488003443351,-0.14780990810449562,0
0.43883629476805275,2.512954710089103,0
-0.30896536556347326,0.46718730317962154,0
-0.31861013014500383,-0.8578954806614326,0
0.06204952457026524,-0.44503291519476174,0
-1.5463628436561516,-0.034000162087785765,0
0.07138207128110784,1.7940321177286005,0
2.697407057019337,-1.385772847755856,0
0.449759831321036,2.5011796793464036,0
3.999887399661101,-0.8833755937369773,0
-0.9862399656689652,0.24405249944028318,0
2.3719769541431206,-0.8858818859866391,0
-0.5557169467581649,0.13679948071788367,0
4.143074064426835,-0.6681709330098933,0
-1.0229186846992644,-0.008234887061887021,0
-1.2063669976503206,0.04678151872456148,0
-0.7360558864476625,0.7975612654447547,0
-1.1171581158009576,-0.04938123234081863,0
0.2793159622047366,0.7148865521265092,0
-0.3859930409751112,0.712036103306365,0
3.109579651508813,-1.1686964543213465,0
0.339236444289017,-1.411566350789317,0
-1.4057452111430684,0.2680630152370712,0
-0.10217752077831004,-0.20300008314230056,0
0.14592641590433753,0.26230007729053323,0
0.287474615330443,0.7315386040649922,0
0.8896978825341291,-0.539448682612391,0
1.3544549113319742,-0.5281491497294463,0
-1.3932576877967153,-0.05630814914451314,0
0.20323803303743837,0.4464270087065483,0
-0.5179311216674168,-0.7144032249526173,0
-1.3986262469151298,-0.7182607895279052,0
-0.276426594266892,0.9634816919859798,0
2.6040103056285115,-1.583282676691689,0
-0.44467856440237913,1.8443969979571262,0
-1.1368574965097071,-0.03450794562474166,0
-1.2404455704766495,0.154882419884761,0
0.048204193493396164,0.23126967720503155,0
-0.997349025508347,0.1782999567291263,0
3.1244384331777986,-0.8215223678257845,0
-1.392890619430586,-0.27716316798894997,0
-0.5527650660085967,-0.6768539602508975,0
-0.5635060297562116,-0.36708883823466115,0
-1.4280926598635324,-0.6151315680146232,0
2.0989226047508893,-0.36472183097868616,0
-0.07885274134935376,0.28414152542062715,0
4.6356224746395736,-0.46636979386369326,0
1.1423903728372178,0.17953459506773728,0
-1.5646328885691554,-0.0920335179787284,0
-0.3359515309003787,0.06808171428873697,0
-1.996441740834987,-0.812950901140215,0
1.162125161727573,-0.9758435598212727,0
0.45129154374156766,-0.8646165106596243,0
-0.3062181874316211,0.2564899817532905,0
-1.0780840858802856,-0.8433300071689991,0
3.636510579981616,-0.7771369587367282,0
3.0677209798234095,-0.21629085703756248,0
0.799691741020112,0.5171383825849174,0
-0.8064338592945405,-0.40341157967042895,0
0.993158366887026,1.6758786593776112,0
-1.3586033657798737,-0.61231002293945,0
-0.07315117829715946,0.4984548605191197,0
0.6264056921451276,0.9307531568095472,0
-0.1301736048109201,0.2094544301368939,0
-1.6460137497516991,-0.30249588073153144,0
-1.41413082939472,-0.2542672748781452,0
3.0421374632570974,-0.7137209966935145,0
-0.4012598841302725,0.20348510128230754,0
-1.538709439381366,0.11320496432479418,0
-0.9880926967714191,-0.7976044832679066,0
-1.0813822489328913,0.6575213964416278,0
2.08425967425653,-0.6534644835576581,0
-2.6319399715187877,-0.7892933327239766,0
0.12776638800583545,-0.37314065630989224,0
-0.9751511128865384,0.3939160515759167,0
0.8445030051571025,1.3111138660894075,0
2.247872927775576,-1.0502907951679947,0
-2.6586419497594136,-0.7605099242418218,0
-0.8106789508063372,-0.6192949188679481,0
-0.4000170993465625,-0.5433217983503985,0
1.1141099714216909,-0.340435111898048,0
-0.17742162167783052,0.03356444323987753,0
-0.27774354157324255,-0.3119355141580491,0
1.3521517818740412,-0.7461258277256677,0
1.2001298122031943,1.900054047901056,0
-0.9739754292418904,-0.21008673736588465,0
-0.5425357007934626,-0.46105970250362116,0
1.3318076280803237,0.6762877437075615,0
-1.4705922591231182,0.11114391120329294,0
0.47786522066612935,-1.0487167333993297,0
2.1779953305431956,-1.3445189955460846,0
-0.3136238405173696,1.0813060373148526,0
2.7101433592803637,-0.14175014659146787,0
0.6788663823502367,1.4960236009744674,0
-1.6537174473091218,-0.21646411840794744,0
-0.30881493443506147,-0.2784420933788147,0
-1.3314459832514645,-0.49249088680959274,0
-0.08643019304198714,-0.6672552651418981,0
-0.5683910211165532,-0.21272961192621867,0
-1.3954394446262819,-0.2744156608156534,0
-0.5196332889455776,-0.4921090356840727,0
-0.1555726258164711,-0.8068208196370319,0
2.4455006034629183,-1.6328764150673059,0
0.026421271045461558,0.33247814581920615,0
-0.6341108350331536,-0.06415935299140775,0
2.800153479001048,-0.8224270460366265,0
0.026462264165508446,0.7147100801921383,0
-1.0248315882530827,-0.751640111146702,0
1.5040201866077088,1.547028617746121,0
0.6798382584069242,0.08176904661177611,0
0.19385635346547675,1.04655211662635,0
-0.12233172676870618,0.2137246121836501,0
-1.3405548313410107,-0.04175332555131606,0
-1.352894874039982,-0.2425490399084877,0
-0.5575286847405717,-0.5226255676173738,0
-0.8821644784331639,-0.7626964021604055,0
-0.27523808097248625,0.0740015153372877,0
0.7285920123712326,-0.5735205428982278,0
-0.29451714955143893,-0.5856796233469161,0
-0.5942345395155231,-0.846249592627537,0
0.5345003717568058,-0.4547502747481904,0
-1.8383262427801756,-0.613838782428154,0
-0.07715692375275322,0.4568536414414983,0
-0.33217999528204634,1.4122188854423812,0
1.827002497163759,-0.8757152296354115,0
-1.2720607035479061,-0.32968426740446477,0
-0.7410824574933256,1.0361623348525928,0
-1.0533289429299466,0.167277642358739,0
1.6785988648295405,0.10745132480267687,0
0.07712096527030077,0.05100538326264985,0
-1.2024229010912286,-0.25565691749621716,0
-1.0526629350623866,-0.7280009682110601,0
0.5499868026307151,0.3581125871701861,0
-2.12461123638999,-0.6747905404258729,0
-0.37670264780583373,-0.03708405025020489,0
0.708734244120737,-0.5648381911280143,0
1.5125330784497872,1.6283030385470576,0
-0.4407049606237416,0.8423787292027749,0
-2.071692770422205,-0.7318340226905065,0
-1.492553776169754,0.2902724542960807,0
0.08912402582882475,0.3235302371525711,0
0.04476637351086205,0.9995277225235435,0
0.32616432030906084,0.02209333968604521,0
1.9506704312707193,0.4691880104727958,0
-0.09399763287001167,0.3259136429435359,0
-1.4752044190010445,0.11611559085021056,0
-2.2178796864647516,-0.7169835551041556,0
-1.410128483139656,-0.038122268330788134,0
-0.21091751662594901,-0.15078798030219054,0
-1.4117946632300744,-0.4058789940132912,0
-1.0192513978292548,-0.5371959423732906,0
2.4256730541339864,0.23626062592639024,0
1.1758645866924886,1.3107519597757367,0
-0.9550703577167647,0.5150017722302868,0
-0.49953867640040917,-0.060128019164763465,0
3.789343932084274,-0.05368471556010044,0
-1.5351403676017379,-0.7201987845558473,0
-1.715303663173565,0.08310544351209084,0
-1.3984806890231412,-0.4265924668751512,0
-2.1365629759402402,-0.5841795994801279,0
-0.023669637282152173,-0.2035384613903421,0
-1.5794334205421687,0.07937583829384508,0
0.11791647449633279,0.36385929470478845,0
-0.17471043073372108,0.4129180367645941,0
-0.43754234359851585,0.9944247015873536,0
0.25907284128654945,0.21169973077412574,0
2.4008236742999327,-0.7028795514184357,0
0.50445230865583,0.5372049550391891,0
3.5865189144700205,-0.4123381888052083,0
-0.5883434749702631,-0.17849851832303779,0
-0.47979888157774986,-0.24322332472979366,0
-0.417060455630263,1.1214396898377494,0
-0.14227282500855143,0.8252322498213948,0
-1.4485103971737534,-0.6644881491362437,0
0.051080121660811974,0.22180790038619594,0
-1.4489607955292323,0.1591921555757244,0
2.436397656335432,-1.6230638894483895,0
3.9072081098419913,0.396552330128227,0
-0.8199234776191446,-0.5252405501496362,0
0.36833489384153406,0.11936733150517816,0
-0.865026752569868,-0.4893447939962949,0
-1.4243301083841715,-0.6191874119371086,0
2.398328225563785,0.855749117734187,0
-0.25084012721954957,1.240449313822252,0
3.679012234692476,-0.3106670708109841,0
0.6775637411387806,0.5774204210453223,0
-0.48127953838176973,-0.5334524769584402,0
4.676144703663691,-0.05004706610997395,0
0.944705923899041,0.8858281861206875,0
-0.2807560434936754,0.7540509550841618,0
-1.5840264010887772,-0.596136175055544,0
-1.3351092919148069,0.41238033425396065,0
-1.336619007218872,0.8676497449088313,0
2.3551692817325742,-1.3864102816159687,0
-1.7428020060490885,-0.34089471883716654,0
-1.1250942307268859,0.01781605779533707,0
0.08941751067845076,-1.3690949342467154,0
-1.3682549263532204,-0.0832598861778033,0
-2.3544850935540436,-0.8679165957688659,0
-0.2790998752678658,-0.8227580178812948,0
3.758145265632028,0.420864574533413,0
3.38187080566874,-0.5026479087569085,0
-0.8298345913056492,-0.08636152408341097,0
2.6725909792837585,1.3246597148382913,0
1.1148673983878161,0.9228618917040916,0
3.0854235479828533,-0.9221980351928082,0
-0.809393117451306,0.20887548301593803,0
1.292319186991915,1.7038659082966625,0
-0.4097086253143191,0.19986908761014582,0
1.1437698640698262,0.38578357154682624,0
0.2899463275224684,-1.072970491065359,0
0.9266612349709639,-1.3183989140504666,0
-0.8682657708967463,0.11688216741912745,0
-1.4151891186176686,-0.02630548536341269,0
-0.07837860644975249,-0.2936583533136124,0
0.11040907442379165,-0.9508041243683217,0
0.2234109696396521,-0.6967001099656535,0
-0.4961653230995258,1.0576173665731747,0
0.26568270874353683,-0.5154459423969626,0
-1.7772457244861537,-0.8287740002240402,0
0.5731098299229853,1.2277477974558837,0
4.367388965949653,-0.17722737229295862,0
0.5830845152613846,0.3160732252965483,0
-0.03454878151455844,0.01592471625555407,0
1.8516213823846999,-0.772244725869524,0
-0.4716791661208162,0.5839421599794173,0
-0.4421334013897312,-0.49792251315354563,0
0.3077398660609779,0.3337792146013887,0
0.08975860372144653,0.944666660507855,0
-1.362770000538744,-0.3937209287933101,0
-1.0009270814269464,-0.33648930946636196,0
0.8414433437628002,-1.5833677004722935,0
0.16169542473350867,-1.1488200458749962,0
-2.5763513077269398,-0.8492151558368256,0
1.4128050593505688,-0.44195426805374244,0
0.1764447683941286,0.32621537155193464,0
-1.1728218371452022,-0.5984756300413645,0
-0.8125759415334868,0.14094052005583602,0
-0.4160071723396184,-0.07880494900096299,0
-1.9681238757865807,-0.24074069520370295,0
0.1817170351775545,-0.13310988302542154,0
2.3543291061924805,0.008617299534537617,0
2.3182690522281346,-1.1261743266209474,0
0.10614185309964708,-0.26574125274985433,0
1.312742825264196,1.3122974537789225,0
-0.9287335250868757,-0.10976181879894144,0
-1.919945871012785,-0.4481293120789694,0
1.0011150048935278,-0.43909147836824663,0
-0.26310081813583824,0.06091814784539922,0
3.8594622191221126,-0.9524635496755082,0
-1.6419211448195883,-0.533728512119236,0
-1.0932556644260956,-0.8269757978041385,0
-2.1121330132062277,-0.3836928816983613,0
3.8400396481024464,-0.7110676438688067,0
-1.5796599369486142,-0.38038366953294356,0
-1.622380151652585,-0.5547927337811763,0
-1.7690717375399156,0.14106476150115663,0
-0.9422660592869196,0.20301247774042933,0
-0.8067639127472903,-0.1762347922052096,0
-0.6374480684504132,0.23762491485477658,0
-0.3397348684428316,-0.3942053855861863,0
-1.529984467514374,-0.2071103561343047,0
0.8355656902826788,-0.48109686359856846,0
-2.262393354849568,-0.8180934757206123,0
-0.09485314223063736,0.7677545143073286,0
2.360783536588752,-0.9451818264020945,0
-0.6686368557339315,0.6471593350610797,0
0.15720772066086008,0.6451388508124927,0
2.507493985783782,-0.35786117649550875,0
0.2534261287297966,0.6905136259135045,0
-0.9098052960237649,0.3107531635530732,0
-1.5058584502140966,-0.3044828959511558,0
-1.9701038804794608,-0.8413418085976129,0
3.167774362466692,-1.3091550254111863,0
-1.9928306482096751,-0.6677500320760943,0
-0.5787249511036288,-0.3379602579533169,0
-0.7327167302750099,-0.32105820379293987,0
-1.7630031061215916,0.13452307775521238,0
1.7121500589926004,1.0308497089325608,0
-0.7371591469973254,0.26738095483440544,0
-0.29133861969954417,1.0700070120462615,0
-1.7703535926882794,-0.3111954746305797,0
0.2584916374442321,-0.3586008762650613,0
-1.002316451828282,-0.47772341605824015,0
0.3586314332537758,-0.2651722797907268,0
0.21238331703422722,-0.5484427371528314,0
1.8966734690230302,0.8383042916766388,0
0.36674614277840517,-0.4102896444054956,0
-1.6267455880671111,-0.17417255573194687,0
-2.4841411468751273,-0.5790603516438104,0
-0.7164957139493414,0.09601335078650777,0
-1.564952035127541,0.6665010831711102,0
-1.7691167088666295,-0.617077338623925,0
-1.483856967773051,-0.6977521882428412,0
-0.49762282236556066,0.46281468710037144,0
-1.0290312597186655,-0.16346261986919478,0
0.9079226400968,0.7241044113386954,0
-1.2314078017328323,-0.5289611964347606,0
-0.7956710817581965,0.3495389256825736,0
1.0676845599045748,1.4210029955076804,0
-0.09694566810879388,-0.49410331887070336,0
-1.5761914517342603,-0.7473136409412573,0
0.5794906792119973,0.3072238646276312,0
-0.5270029548435834,-0.25734389507355826,0
1.3425392916653482,0.9819914448004212,0
0.09800693651806283,-0.036512878710608807,0
-0.6572338623254238,-0.9337945632771054,0
0.17246750243244285,-1.0113383636310895,0
1.1015164092675034,0.9372535959451689,0
1.3573377681870875,-0.38216327861581234,0
3.606307079819924,-0.0118351817148925,0
2.70680997137389,-1.4736362815283037,0
1.1282841448979355,2.1329552313855054,0
-0.48961826255131446,-1.1144758683400848,0
2.6331096502107845,-1.4655568793605338,0
-0.12535705833889657,1.5651884691327518,0
-1.1492814482041651,-0.1829323273362674,0
0.47602147370264736,-0.7421807010313896,0
0.12665087681255224,-0.0673896259914656,0
-0.10246555338537605,1.002781322267681,0
2.8070189237737697,-0.33026642860121436,0
-0.6563260042308867,-0.4161269562334018,0
-1.7542341906535228,-0.024022826150634533,0
-0.4948573599321468,0.9848415576410741,0
0.055173305599059794,0.5410292222203767,0
-0.3183022065046018,-0.18412605731066503,0
-1.8078345773155367,-0.575341396324801,0
0.1661211662952804,0.18188858598757007,0
3.174075992668903,0.7586370619154125,0
-0.82267892818795,0.8972982779576206,0
-0.7301788119736785,-0.8551635246508558,0
-1.7165815401152615,0.0067553731325042865,0
1.0718152074757024,1.7924648163125882,0
0.0906135340759351,-0.04762816407782288,0
-0.5375623735114671,-0.24596136535561536,0
-0.7745280591588067,0.618573022574361,0
-0.6808022820408687,-0.007466619526854898,0
3.9541240178048773,-0.39312626265319756,0
-0.7968443939279515,0.1826252435828093,0
-1.1635003300246052,-0.9003489793377915,0
0.311506395747006,0.7056335364310531,0
-1.9244337077813145,-0.6637509839266508,0
0.32161438833377354,0.9215586278532482,0
-0.6203858488590138,-0.14395842814445237,0
3.70057909890883,-0.38619596391727273,0
-0.024761990937450507,-0.20236095831607212,0
0.11881163322774947,1.6715395123273236,0
-1.4043608466740367,-0.5629857274950306,0
-0.7534882575821028,-0.38911842342706954,0
-1.208074170860786,-0.7032071413308738,0
-0.6656706688894685,0.19031992030718237,0
0.7039974451097953,1.624388678198728,0
-1.3479526607093057,-0.4746975070206245,0
-0.8669839157483825,0.5691424035508638,0
0.4550324141280807,0.0781925865838216,0
-0.8501442343567611,0.10370971847699603,0
-1.249207557257021,0.4688759717230777,0
-1.0734437625320699,-0.18059236473609364,0
-0.3532495670608137,0.6053743725702733,0
-0.5929556348481893,-0.1735268386761203,0
2.759118623718813,-1.3095630775986629,0
-2.23505339951579,-0.40028424831721837,0
-2.0433147329224335,-0.4578755753773687,0
0.30231421766811006,1.7591963835568611,0
3.6128971889394568,-0.6089511151115595,0
-1.7934375496158959,0.01823645084816518,0
0.6142209538109913,-1.0529696733172509,0
-0.7947682295959637,-0.10507631659770263,0
3.009899686913221,-0.6916936100815753,0
-0.3110800212539776,0.10627568081757635,0
-1.031458712285995,-0.16084594637081706,0
5.075832146281708,-0.2795159793354466,0
-0.9391133214304213,0.42007332001221864,0
-0.014437361112965272,0.5383385108201222,0
-1.284019371785853,-0.3945209743911893,0
-0.8445669944139632,0.5386164050700878,0
-0.11592669221607203,-0.41500016431692915,0
-0.09103041829991171,0.4654469117614687,0
-0.3063544451610195,-0.6506471640085597,0
-0.8536451772716901,1.3906820402385627,0
-0.05297958544420159,0.7226168964603134,0
0.17431035436616918,0.09533348896431064,0
-1.0720133990106873,0.34287367622871695,0
0.6718627570927231,0.9135610391687152,0
0.9622083466535735,1.7092412464819267,0
2.5048799822044168,-1.0291447600228176,0
-0.0023071596598959894,-1.639773073139406,0
0.792538579663943,-0.7329026676257389,0
-0.9972558163502696,-0.4895401990256157,0
-1.0873606216741682,0.21668544225251035,0
-1.4082847361761741,-0.34465830069872844,0
-2.0655219457068323,-0.05802284711506323,0
3.4307810244194017,-0.33491136192953885,0
0.24711475205473962,0.6973169770092865,0
-1.4980032938026249,-0.5397713712613458,0
-0.7123961803295334,0.02022836733127278,0
-1.0122067794516947,0.42749855380539414,0
0.44322520474418253,-0.13590083338950915,0
-0.806578389460892,-0.09870721875135323,0
-0.8436039698003658,-0.21425059583356304,0
3.3739599037320707,0.4527212212787504,0
1.528389844194475,0.03618652561609179,0
-0.6333525130372724,-0.2140702343526084,0
3.3477863318803514,0.04637802804265155,0
-0.19728971781655372,0.06134293454735686,0
-1.137252728346126,-0.4813622488601277,0
-1.6703164388952845,-0.9440384678275776,0
-0.13096098530684666,1.104863874381612,0
-0.44494607392887114,1.0024055557574056,0
-0.9794662560184274,0.5412993408889826,0
-1.484072577285132,-0.6261538823850105,0
0.8488554792259898,-0.7936094927881012,0
-0.7592790515857072,0.44031856298132965,0
-1.3782306394172568,0.23204200240970196,0
-1.4765474743264102,-0.6342655702299813,0
0.0183382544782887,1.4752962679160033,0
-1.5888813062234364,-0.5909028280587885,0
-0.39009463004619355,-0.4049242803820599,0
-1.0322835564148012,0.6823229989031738,0
0.6004378506367611,0.517826527602828,0
-1.1141065435158708,0.08369943418141296,0
-1.4169524860728313,-0.10213222104332363,0
2.9267545632457583,0.43522517644905107,0
0.7957885048851857,-0.8077718153565417,0
-0.5256969144315973,0.48671549738585135,0
3.620413440455088,0.04432475050251017,0
0.3020595377913754,0.6317275536502496,0
0.0958612995721201,1.1649092632023732,0
0.040991887411499395,-0.12414693081042037,0
3.7270145953486002,-0.660598131027318,0
0.10182080900569813,0.32256707220257186,0
-1.0850644209039324,0.27921447231626223,0
-1.5584290271470704,0.21218926046534756,0
-1.2109017285009576,-0.11014705185669174,0
-0.32144891070315884,1.1674686333133557,0
-1.299703576589781,-0.44898006883464625,0
0.086291725238867,2.4584232687098844,0
-0.43088410561428414,0.8508773410716113,0
-2.2789942691911236,-0.7288326237487321,0
-2.2206712569171807,-0.7139743805810213,0
0.4104274593405806,-0.17191237966940326,0
-0.45263591411089926,1.3993326139459286,0
-1.7436255064286386,-0.8650149281765713,0
-0.3130510418078866,0.8538675824997958,0
-1.4478452843359493,-0.14655887474270224,0
-0.6356535870439312,0.7606984547948302,0
-1.9117156898218493,-0.15245247472929688,0
-1.5357925180939034,0.4859751218788908,0
0.1667048718991278,0.48580794485713247,0
-1.1012341162213266,0.2252787125724808,0
2.748199198068378,1.0877026874313567,0
-0.7197525678582816,0.0154348505848411,0
-0.5175047758796784,0.1796978825429117,0
2.2319223738666736,0.6592119202958279,0
0.2760838725655558,1.476561161474401,0
-0.47917918878615995,-0.5293548808112788,0
-0.5368873815049355,0.20695303915071558,0
1.2186547203206706,-0.8876861730217857,0
-1.2965197247819633,0.21532757769728564,0
-2.0183420577046207,-0.33570143309897177,0
0.5481449784226259,-0.15218658185338405,0
-1.2538045160102966,-0.5825462073784614,0
0.7180380483551532,0.4560635664936396,0
-0.16272122755059176,0.3745475947895764,0
-2.4082531679203947,-0.8099572777798001,0
-2.24576530476336,-0.8360176891844995,0
-0.5303713022121623,-0.4028064314875166,0
-0.8269812416700811,0.7592041795637956,0
-0.5247511463939247,-0.402503011913003,0
0.7847135094781538,-0.646740071627236,0
-0.5975377085004332,-0.31768103834088984,0
0.9577879270477245,-0.6128463742418853,0
0.04630720276624655,0.9915051161288156,0
-1.6540475007618718,0.010712669057271744,0
-0.8438900796520387,0.17469560818490826,0
3.347407907900357,-0.31004349714747553,0
0.41641244474593603,2.3880330606374094,0
2.8156571664508823,0.12678732427695355,0
-0.41843565263258525,-0.6725609590744154,0
-0.4578668717506595,0.2772279647109913,0
0.10385598021763887,-0.34736642235087206,0
0.10850913321561201,0.02989383237514244,0
1.8464023593649412,-0.766618877848012,0
1.1145032805027166,0.9232543927288482,0
-0.17011212823118957,0.09705106125273749,0
-1.436459414807485,0.1457162870590794,0
0.9943728555045654,-1.7482181308700881,-1
-1.6240684615553511,-0.021603248647692717,0
-1.1015039972227119,0.1542037414143256,0
-0.297447216512278,1.2906894449911035,0
3.7428201727808954,-0.6062698702587801,0
-0.774863118543861,-0.12653303928439963,0
2.5814991474103777,-1.4812892060280007,0
-1.613300362063084,-0.2600317321559359,0
-0.05249011672406846,1.0980037275127876,0
0.12999414388775327,1.1994816390581597,0
-1.2798986033834527,0.04195571630092888,0
2.531735474750365,-0.014439514347918299,0
-1.0583786715135943,0.710452239010734,0
1.2000324921425687,0.1824034693684778,0
-1.5209397700828597,-0.7355063245213568,0
-0.9480277947904788,0.28695090126531114,0
-1.2147116227819255,-0.0933168370177226,0
-2.676726471386019,-0.7410157066789081,0
2.375529929768342,0.750316108844516,0
0.7332816012764485,-0.7403924727733163,0
0.005977293020344417,-1.2014229587737475,0
-2.291037295144057,-0.7872167284397557,0
-1.483279163131264,0.047092206266081536,0
-1.031301352469886,-0.7510276949967837,0
-1.9523864272189848,-0.6399810073160899,0
0.9936802933077343,1.1312231400768327,0
2.4502475470343494,0.13204298278908155,0
-0.20204935834186147,0.5914814929330304,0
1.6529373402298015,-0.7785325178469903,0
-1.4414367202961478,-0.4452922158410764,0
-1.0859613721041048,0.292904678957178,0
2.5051256779421793,-1.2498689451923353,0
0.011295691552002749,1.7033471388809787,0
3.6696715482405615,0.67168997148175,0
0.0908903437650175,0.17889445501280182,0
1.5085208530259961,1.4771729018869113,0
2.648739583525408,-1.5537710619330627,0
0.7210141143683435,-0.06579071814746829,0
-1.1718779918629225,-0.6708589379487085,0
4.23738059666759,-0.7698286984218667,0
2.177535053018989,-0.45582382094690566,0
1.3675691888534955,1.0263763462751239,0
0.02351865585289348,0.3165220144799935,0
1.4269415062114152,-0.5349202151480273,0
-1.3952800293588987,0.32814795770204014,0
3.000735539608733,-0.9800020094111143,0
-0.6934048283340278,-0.07797092675976762,0
0.5937331648806783,-0.7390596259282863,0
2.176111302161685,1.1398196242059793,0
-0.46778728559975447,1.3315758138863127,0
2.562569577007255,0.9705303118966094,0
-0.4384270441550678,0.17218356729949322,0
-1.6066618824163075,-0.27354935289725707,0
-1.5100615208802095,0.45823838279608725,0
-2.0062950535450197,0.09859283734420145,0
-0.6441195848039024,0.620730932727465,0
3.727324441744395,-0.8036639090680606,0
-0.5471127685134023,0.3670689471555891,0
0.15068958591681267,0.062152954307064794,0
-1.690436131733831,-0.25461075571121977,0
3.0611889877039675,-1.1101720494079292,0
1.653361314542647,0.8864850606901042,0
1.2292394846736947,1.9986837056949451,0
0.5271336563398302,-0.4404476519573561,0
3.8806432843605188,-0.08073500059110823,0
1.4147238638664474,-0.13947407960828784,0
-2.2451313058768756,-0.7653352190511008,0
-2.375664103341176,-0.5468997777096057,0
0.9210382613675773,0.91134075272987,0
0.8754673314854496,1.634565305199976,0
-0.359631128051844,-1.03413621635853,0
-1.3744760443512305,-0.5238341730170831,0
-0.3301577864157443,-0.9818177899393422,0
-0.2404702100447313,0.7756290448983028,0
1.0386734185480746,-0.336845806902196,0
0.8616105120988348,-0.27598921496996487,0
-1.4731421120444514,-0.48248126519524054,0
2.542899833804688,0.7903589889510546,0
-0.9740193728429675,-0.37185615391913657,0
1.9126057410396144,-0.098877270090988,0
-0.338325739704041,-0.3830010187687292,0
0.07877181154018723,-0.5344246008415608,0
-0.2575986357454369,-0.11319138637490365,0
-1.6275310458076444,-0.09559831287873925,0
-0.36098540629519305,-0.3522133529381155,0
-0.23312177892931762,0.028602230140434844,0
-1.386070594704078,-0.5890633810285644,0
-1.9636330885370208,-0.24558154117570163,0
-1.2397474209321329,0.303223297146935,0
2.586742355693759,-1.19511589772184,0
-1.8188957153471743,-0.10341435673055623,0
0.057700000982408024,1.439227925863067,0
-1.0778634704359003,0.057354536297150066,0
-1.0203086593265664,0.2871385307132721,0
3.1646468375994528,-0.6380440277834727,0
0.6625574788224141,0.755413213288516,0
1.9035847801522223,0.6753991242737927,0
0.1538112098219916,-0.16803300768128873,0
-0.9745078138374635,-0.1508703013997809,0
-0.48913572251887855,-0.8945366852200801,0
2.7987813651756372,-0.827309644233301,0
0.06475083634564725,-0.0006644517828344964,0
1.41739406169051,-0.1423524204565033,0
1.5833908241758083,-0.7035648221184694,0
2.5475448976934456,-1.5937816563624005,0
-2.216760197064801,-0.6468244196704325,0
-0.024758012730783374,0.17354920743607757,0
0.6347512123064885,-0.3423563724115088,0
-1.458940486799936,0.09858387841108003,0
-1.3478342385619695,-0.25436582287586307,0
-0.7993463250415404,0.12667964948967764,0
2.369126238964964,0.0117517307316999,0
-0.9719081163529931,0.1635992559126442,0
-1.1187799035707988,-0.20944981112012512,0
0.40451529270860975,0.6576554404139145,0
-0.7455047998545674,-0.46909008447970896,0
-0.7208542216761702,0.6320811767682071,0
-1.6468564294625672,-0.14613239707462958,0
-2.5731956193894114,-0.8526168313847167,0
-0.4427876073331708,-0.48449397386246756,0
-0.38986708591411107,0.6512079110165587,0
-1.560435139858966,0.13662419213527446,0
-0.27047741272154135,0.14023564052344417,0
-1.6463137169787665,-0.2244449725779994,0
-0.6883545207442429,-0.07069157018987703,0
-0.7981054630132234,0.19670795124848173,0
-0.3892489998542954,-0.7817502818586419,0
1.7243685963673239,-0.777804311570519,0
2.0330132893412234,-0.669589311249882,0
-0.04499612771666614,0.642645235407674,0
-0.7306351112912179,0.40944181570047294,0
-1.5360842128840175,-0.6478154766485033,0
-1.8287268982448592,-0.09281682906212656,0
-1.1589853575114233,-0.6133906689821172,0
-0.5016972756919907,-0.5828090580800607,0
0.30456441938599454,0.46721062992370094,0
0.6399189143179728,-0.711118015268687,0
-0.09717410727063218,-0.13702762530598178,0
-1.352522799741548,0.5088787905710555,0
-0.1217879865592685,0.7317847202521103,0
-1.5545451030393431,0.2080025828679433,0
4.087957612779195,-0.36921378723977355,0
-0.979147109460042,-0.2172352602608563,0
-2.3559415650944415,-0.8663465916698393,0
-0.10910403303215266,1.0162989430090017,0
0.21733348677823777,-0.02877087276066878,0
-2.1589567397366745,-0.8582271282435089,0
-0.4347438444583895,1.1468631749966889,0
3.5893948426374367,-0.4217999656240441,0
-1.4141337798757498,-0.03380475705846506,0
-2.1421732525897506,-0.6494978889418523,0
3.1458000157702988,-0.8445490946115082,0
-0.5131505623831357,1.2313817289942883,0
-1.0835408482244726,0.13484035752633064,0
-0.7921231120652792,1.013454071189749,0
-0.9596904740080255,-0.2318468796270954,0
-0.5817542608804864,0.6375934332436349,0
3.798287463944377,-0.6660608596967101,0
-1.3484411017038018,-0.25371165450126865,0
3.1539719472652625,-1.067455700029971,0
0.4811635164146164,-0.539987568474786,0
-2.10205908505181,-0.39455207671662856,0
-0.5719409135648633,-0.05980955604188367,0
-0.8515123699755048,0.4747372860324713,0
-0.8763745794593155,-0.1789255036054642,0
0.8734261266155675,0.7358432668576103,0
-2.202044022806775,-0.8117811736473048,0
0.6998287548996509,0.6502324052012078,0
0.17010330549338926,0.48214460195940373,0
1.2648826232995303,2.1284406241177463,0
-1.4852141964974308,0.20463319299725322,0
-0.5753092609334425,-0.20527209245584227,0
0.8553795149320975,-0.6515486319220338,0
-0.3876829576096516,0.09839895164613349,0
-0.11623595960572984,0.27851956694569885,0
-1.392314870240073,-0.7250641406236872,0
-0.7066413735136716,-0.21915770412607877,0
1.8051425944080348,-0.5666877804431214,0
0.7319465023644172,-0.7389533023492085,0
-1.2855799593786925,-0.25646862822204025,0
3.2215528974171517,0.623370085597652,0
-0.22890869639859626,1.2104466500411515,0
-2.4400527965524126,-0.7756788549510524,0
-1.459487177490404,-0.19901371183770009,0
4.34336013601412,-0.3717848224786996,0
-0.729773700968532,-0.47332409130268016,0
-0.41421769686544074,-0.528014258384889,0
1.2793831880454758,2.035082175998705,0
3.0567213579923926,-1.4099047306800874,0
3.127246811486652,-0.7340987643036595,0
-0.3384559637754978,0.2785173683652303,0
-0.16466158287268126,1.523467570381994,0
-1.5694577074781324,-0.2359260502936603,0
-0.8734187205030801,-0.6166687788220955,0
3.173088650095802,-0.7898756620437802,0
0.5183212435809399,-1.902797779918046,0
-1.3862343042017473,0.3961246728868181,0
3.0099899455902674,-1.1390712480166363,0
-0.10574864800921233,-0.562341701405319,0
-2.3022948633564573,-0.9241750759839863,0
-2.2809322530383196,-0.35082911919787996,0
-2.175519611439213,-0.16627182407901642,0
-1.3465060683376355,-0.4112526412324406,0
3.1432270053109805,-1.1336007437658846,0
3.733378320757569,0.292106996284396,0
-2.1493983883214045,-0.7194371092504134,0
3.198057347106947,-1.043611685517533,0
-0.9901411463526173,0.11188766864248381,0
4.019492543486136,-0.8267814082701426,0
2.8819488840472096,1.1639864954904267,0
-0.12676189284740114,-0.033767570117780955,0
-1.5544375877863712,-0.10302354667191467,0
3.128571003504319,-1.2668957484123868,0
-0.20070495926723989,-0.02542650060017332,0
-1.0563193150380314,0.33231790078496315,0
0.3329597134616906,0.8775205856320425,0
1.7435366202061375,-0.13708847874866212,0
0.34721945570629653,-0.03241139652867144,0
0.4953217770641919,0.42976211180016777,0
-1.585104897368681,-0.28406337611633475,0
0.12596273913264425,1.72883519539432,0
-0.7302419349060733,-0.3364492482078011,0
-0.9539016027598142,-0.24444866464398426,0
-1.5634191622854907,-0.09334185472791716,0
-1.9772909735720985,-0.3085865767135617,0
-0.4283270079816348,-0.36371167278261135,0
2.732514860568569,-0.9763369755472702,0
2.184670825103352,-1.3517148476666232,0
0.005794536887238196,2.4738293566731118,0
-0.5892671131955878,-0.19022621984017055,0
-0.6126470591436044,0.5931667795442562,0
-0.7384952736349939,-0.327552558313317,0
-0.08459869672212535,-0.13785995658106204,0
0.0606262224324612,1.1965292603080675,0
-0.6082022709463958,-0.7661888501246544,0
3.123144327385814,-0.4378512630287445,0
0.31493388784131265,-0.04352836935019287,0
1.0247512374500534,1.0518109889476537,0
0.06666360720358448,-1.2668397962331897,0
-0.2976036812986312,0.4676633086537299,0
-0.04524490663134049,-0.9257486301382979,0
0.8120746995945233,0.2833308299235111,0
-1.518291702071145,0.16256154544641455,0
-0.1863069038419617,1.1645240301446231,0
2.451478976204195,-1.1920404608781883,0
3.5394904853218585,-0.2839163158079059,0
4.6967370573659455,-0.45452072521911663,0
-0.5972628215667437,0.7256767821412451,0
-0.032105548816441135,-0.49263186276939464,0
-0.22311097370729457,0.536457311565222,0
-0.1522323092223001,0.6805129632322737,0
-0.5685084155382524,0.16331138750085017,0
3.4720348884142473,-0.09391742369506875,0
0.0886883798784961,0.04489795276613825,0
-0.3203655411868319,-0.181901884837044,0
-1.3887407925281405,-0.5861850401803489,0
3.238855939509891,1.0583602766400955,0
-0.6581647452620646,0.8626919254585181,0
0.17411495191104345,0.08282078539766484,0
0.8014517092747446,0.7675089057345642,0
-1.5673943727959023,-0.23815022276728132,0
3.0466366556394915,0.07917721918873064,0
-2.6087577995007902,-0.8142825646334834,0
-0.3537731002132964,0.0032032550773364635,0
-1.0208933926560508,-0.6131535117281205,0
2.952438217657845,0.4202628082827312,0
3.6916902872575315,0.41477218758526807,0
-1.2151388635994196,0.42578994045008867,0
0.4623217005177668,0.22579021402115804,0
-0.40484089052990224,-0.0908416470935004,0
-1.459668722570135,0.09936888046059338,0
-0.8423122354832744,0.17299477041096276,0
-0.9878340386880172,0.7057745123908551,0
0.06595070525391736,-0.31286808439696245,0
-1.2425099328845166,-0.43926609121344784,0
-0.4910465706214227,-0.4451965421612352,0
-0.18463290003409008,0.27452051879625544,0
1.5447288339479797,0.627671033990356,0
0.17237237051897267,0.4733369935151626,0
-0.6819577586285619,0.5124251599904697,0
-0.06842014996164089,-0.7453117502963214,0
-1.1641293229787855,0.0012513998527897065,0
0.7955867527484997,-0.42527821363377183,0
-1.157188953349548,-0.9071523304335735,0
2.720828128783281,0.22264665576782006,0
0.7585163337781928,0.7106168776941066,0
-1.0952277127056413,-0.675756579693749,0
-1.345807918793119,-0.26291176397026655,0
-1.4601922557226177,-0.5028022370323437,0
2.3225812448789935,-1.0530950981143334,0
0.516739686597271,1.74215402917409,0
-0.6051288848725799,0.4296074437668158,0
0.13159604062425848,-0.5200006109232825,0
-1.442144749009392,-0.5286182232160398,0
-1.2611811105959998,-0.5032287147004164,0
-0.38964025348404707,-0.8526944193418783,0
1.1376252800693498,1.1965169194427159,0
-0.5219635541481629,-0.7814223521882872,0
3.731937629347959,-0.21226290514314813,0
4.494847033590881,-0.22416995291252828,0
3.634985084546763,0.1840723574447137,0
0.5781101602537518,-0.4953977954232875,0
-1.7917985052701297,0.31465653802267535,0
-0.8790990487726825,-0.3187204397732348,0
0.6726470544117383,-1.7709664557914926,0
-0.7001404953455489,0.22747668398414558,0
-1.803693022850045,0.327478238164726,0
-1.5406652588106242,-0.19559699274144288,0
-0.240441151544686,0.030130482014785562,0
-0.18069868264372552,0.037096952462687446,0
0.6760239396090332,1.18181571101188,0
-1.3795436085169401,-0.667465037982177,0
-0.7003121612565527,0.4608444063952283,0
0.08907636700359892,2.2999664462542806,0
3.0605120729420427,-0.74625125252275,0
-1.5470348851816529,-0.7073770844137967,0
-0.3033946079981169,-0.7124802734730412,0
-0.9025500740664283,0.23156650454994707,0
-0.6306432448485558,0.9821185605636186,0
-0.1473201821173064,0.5974903754318241,0
0.30754535863560795,-1.0919413739285972,0
2.3020175033665278,0.06500661342457686,0
-0.246330160638672,0.5551247748539466,0
-0.3372674504810922,-0.6109628082834618,0
2.016470624695639,-0.061745016509865906,0
-1.1440855827223915,0.11601535188637742,0
-1.0278377404919554,-0.08065994719390693,0
0.7245645858227908,0.33174317919008217,0
0.8268057589535814,1.025642055383408,0
-1.3671788015482098,0.37558378592455316,0
1.4375779051870885,-0.7541217254440858,0
-0.7091714680975498,-0.9428126202990333,0
-0.327787423122868,1.1029353459011446,0
4.061414470799815,-0.28832071346181126,0
1.4249142914128088,0.8868336109097162,0
-0.58373618832876,0.853827521241235,0
-0.3759994923290129,1.0835396763359488,0
-0.9897198064971834,0.03370592681403295,0
-0.08852951491195979,-0.07498017771722962,0
-1.1338473660641673,-0.32957794382538697,0
0.013708259018300462,0.7934624859458318,0
0.18524184733248694,0.8353787897259106,0
-1.8611935624700742,0.24036752076458995,0
1.1283344381805722,1.8997183426493411,0
2.603686734553203,0.25846837401928463,0
1.477568644645388,-1.691790446687603,0
-1.4628012533696786,-0.20180297123567245,0
-0.8980302283168233,-0.518772904305569,0
-0.028422928125899773,-0.06840620829408446,0
-1.4286505734719834,0.519574866237203,0
-1.7467199945891652,-0.5634923276802246,0
-2.1235420402726772,-0.3713945162559861,0
1.2432613548979907,0.051715671672878286,0
-0.3129327523564315,-0.9353813018906133,0
-1.3676781494370704,0.06521182475928951,0
0.1894544811437083,1.9713044792766825,0
-0.8160755406991598,0.06062368720400714,0
0.34099404347800055,1.1147659890651245,0
-1.2664603060671231,-0.19935110805552983,0
-1.9442736404497483,0.03173682946065141,0
-1.221391095548749,-0.4620311506493338,0
0.40365638414745403,1.2740400992474428,0
-1.4503570946182656,-0.1374895989486235,0
-0.7824262641415994,-0.7211158036320412,0
-0.029418094416453815,-0.3591586952224065,0
0.18278417584359363,-1.0224592259991947,0
3.33606008101091,0.00037579324335540665,0
-0.9929564533491686,-0.13098358281211045,0
2.6221501264700584,-0.8637309336667867,0
0.16870995688538631,-0.03499967038462432,0
2.6945222774088307,-0.7149235174779793,0
0.11936454090389617,-0.4354497712484823,0
-1.8355075365830942,-0.5455113184432953,0
-0.06674158653172102,0.7960942029925756,0
-0.20409056321174376,-0.30724054540933526,0
-0.9839008490232897,-0.12802173751454307,0
3.3801587592218523,-0.21533884960115335,0
-0.6245924490122938,0.2887714152005855,0
-0.48073816964722516,0.7555241021515855,0
-0.36645602601477506,0.31506171589227483,0
-0.2595559316198324,-1.0642847573629153,0
-0.9961525558006069,0.040640111584733844,0
-0.31419663922685226,1.3087444921299096,0
1.7509975725068274,-0.22285857372240844,0
-0.12455639947371255,0.43022036753108783,0
-0.09323296119257023,-0.21900354370708036,0
2.16048758583274,-1.176553067046078,0
-2.012094831687596,-0.42016319132352903,0
-0.3744897770249478,0.628270265681078,0
0.4892230594201855,0.5854296748577992,0
-1.0278638485109706,0.44437609786993015,0
-0.3094489333215462,-0.34912456351221327,0
-0.8632855149270534,0.4874281524996031,0
1.1810524957609279,0.857879307494082,0
-1.459311533372733,-0.05647126849663293,0
-0.506089847851169,-0.2735255185388239,0
-0.12107271313470844,-0.9931034626256824,0
-0.08987789219324865,0.1660176500638243,0
-1.2640150179177316,0.48483768006318156,0
-0.2569158200214522,-0.9180372188994436,0
-1.468703540832922,0.562749978960435,0
3.201583635707017,0.5671684011555734,0
-0.47677386603117816,0.36897465650633027,0
-0.765405932700003,-0.07172319604086204,0
0.0506134944550451,1.5055093802747908,0
-1.4187893043486162,0.3598514592570861,0
4.621758859261143,-0.5227913934309335,0
-0.4776916032944427,-0.08367808065016266,0
-2.0019868391008284,-0.2042380999013342,0
0.37704260913260107,-0.3372994973491242,0
-0.47698947554325893,0.440572962364161,0
0.2791693765871109,-0.1731544540980751,0
-0.7859218851006053,-0.4255224707317204,0
-0.2592238227158082,-0.09871617768447455,0
0.3108915761918392,-0.04553262669865208,0
-0.602757759245829,-0.9084278738912078,0
3.5796810541614508,-0.7872434373826833,0
-1.9391868969527208,-0.505115998570561,0
-0.3500677707042701,0.07693665195854535,0
2.9027024430763593,-1.4643393150277035,0
-0.5911779612981319,0.25911392321867455,0
-0.6083156871614277,-0.014237684945435964,0
-0.5438860008301446,0.5967733266689429,0
-0.09930691456681735,0.7789171289001097,0
-1.39393800175917,0.482156435210402,0
3.129266202567805,-0.8980923533305326,0
-1.8417137694800725,-0.07881762584580597,0
-1.9083281631219524,-0.687473631311645,0
2.9958930178135756,0.19888056519203495,0
-1.0980483416581157,0.07275115771290247,0
2.872878840930555,-1.205369944557195,0
-1.3583324570528514,0.05513763179053539,0
0.28628802479143045,0.804183579322174,0
0.11830830713222167,0.9852573854099101,0
-0.5938491868478316,-0.33438041950494,0
-0.6182341782551296,0.2232749628383752,0
-0.5699348008529678,0.01575551228818954,0
0.21213037658514805,1.4804956382694425,0
-0.1157603482609913,0.34301110213323394,0
-1.2223990914890606,-0.46730624987076513,0
0.10457138633808036,-0.06267403669349463,0
-1.1444137134197483,-0.4736430620399136,0
-2.010156847840399,-0.798166695874381,0
-2.613855449892182,-0.8087875502868903,0
3.4421347522709094,-1.0862556879597298,0
-0.31636216720613114,0.630615805282143,0
1.1934304484030345,-0.3482110944913042,0
-0.10360980705508578,0.09036907728439937,0
-0.2659866254719816,0.13539479455144546,0
-0.15642017876376224,0.3868403832310603,0
0.28640939741979693,0.8040527456472552,0
0.11390675083407181,-0.05365209012498274,0
0.6438028384257002,-0.7153046928660913,0
-0.5678674879640704,0.38944150556671825,0
0.8912126037704985,-0.022435243943281856,0
0.5421587819638957,0.6647377009883693,0
2.6422718747598792,-0.3604132786394845,0
-0.583006029803168,0.03620731780021145,0
-1.5163004744602813,-0.6691413656602814,0
-1.448085079111652,-0.36675972521254474,0
-1.4822850245663473,-0.2585279903774263,0
-0.4464094741569662,0.8485279119239625,0
-0.8058812676420125,-0.5467390250610094,0
-0.05319032171985917,-0.24308251689304614,0
-1.2021910627288603,-0.7872763985306744,0
-0.36429152576113333,0.39681771916821157,0
3.166437340799267,-0.49088065359556826,0
2.2077105224062725,0.12074564848660552,0
-2.1892998968282944,-0.8255187095137877,0
-0.3248291926917395,-0.10572440035705231,0
-0.30366198482872775,0.4551088528624083,0
3.1080171411605813,-0.21380890676068745,0
-0.8918894898271329,0.3041641505815619,0
0.12339402290361215,-0.14796812619313224,0
4.300515598200752,-0.3256005352323333,0
1.922559770601559,-0.9723595631757914,0
-0.21010787362179345,0.06243693317227508,0
0.4629759064612064,0.21236167473008005,0
-0.8509776139050388,-0.35539562097519833,0
-0.7727997838616308,-0.12875721175802068,0
-0.5180213803444638,-0.26702558701755574,0
-0.5763715283630584,-0.3532204686932594,0
0.6930773077573422,1.4616199214716918,0
-1.0084673855103188,0.7280162371270654,0
3.1538076587614565,-0.6327215993364744,0
2.72283321376954,-0.29816095947393667,0
1.08412503125311,0.13280584144627694,0
-2.1959753913884508,-0.8183228573932491,0
-0.7099016266231416,-0.1251924168580099,0
-0.29663667847836644,0.09070647350222912,0
-0.24425591906207725,1.084258416064945,0
-1.6271107336778474,-0.7701527382790199,0
-0.6647800673708563,0.5716360189556824,0
0.9884578710874455,1.3113927755680803,0
0.801304677346863,1.3385945148232647,0
-1.728593452116876,0.39561807270162364,0
-1.4630509273141088,-0.35698895181830453,0
0.4471157415159885,1.9790219751307816,0
-0.18235055663924912,0.026154252995068152,0
2.5088992690117866,1.2870135931049687,0
-0.5586027540943082,0.21127612742392995,0
-0.048568282673205634,-0.31306906642717436,0
-0.7082724614461031,0.23624254020371088,0
-1.9941958333473886,-0.5171849823402992,0
0.4037796795312134,0.4570740641810137,0
-0.7244322775947698,0.11729191057271887,0
0.42034357895938934,0.36149144358835117,0
-1.5180268270020643,-0.73864633271941,0
0.4713802553246758,0.00828954149904527,0
-1.0777288194382764,-0.18233495473471512,0
0.15748690182483566,0.10074499886155201,0
2.083495451298589,-0.06262856655709727,0
-2.1815581566318545,-0.3088560196447593,0
2.4672155297420346,-0.17807288802723548,0
-1.8133195031300136,-0.26488035370929464,0
2.4882859965505584,-0.7844362601184678,0
-0.7652574243269843,-0.0005173912077879955,0
-1.13710024176644,-0.034246278274903855,0
0.13020179698649967,0.3760630016960295,0
0.7177711178347981,0.16452607751580406,0
-1.4984586980904087,-0.6883739158733574,0
1.035978140430634,0.7874412625816865,0
0.3873967461766316,-0.29617986074650243,0
-0.9527179627018317,-0.09663112208148579,0
-0.1687182006170495,1.1646492868186507,0
1.1421377484117576,0.24481113230478568,0
0.2760408239942347,-0.09841614004219112,0
-0.3644850054608662,-0.43253018578994457,0
-1.8703957524135786,-0.6506353307575614,0
-0.6847844212389775,-0.30772263549868856,0
-0.06238352752439222,0.2141076466609317,0
-0.015538698907235249,-0.8086770011817375,0
2.572669031765307,-1.6208642270706097,0
0.6906744867638905,0.29690913598445795,0
-0.697107207362024,-0.3721668414606566,0
-1.9508958912462375,-0.4147667249746539,0
-1.3535989245465587,0.05003511846869889,0
-0.5461369142500473,-0.6712754414549524,0
-1.3772977010293417,-0.37169911918226145,0
-1.660386013181581,-0.05382061835493923,0
-0.5952454859368648,-0.631062174029288,0
-0.2744334439006352,-0.6850564205122264,0
-1.0260131728597912,0.29328771343445975,0
-0.25956773354395274,-0.18243468608419455,0
0.2103768882987129,1.3396540327023208,0
-0.003889877065083167,-0.60077451615427,0
-0.6074379152925732,0.652555801409955,0
-0.2504860211990587,-0.7045088858504642,0
-1.8189258015728567,0.04571152258113089,0
-0.6575397305145514,-0.414818619484213,0
-0.6929864389596242,0.06430984923146177,0
0.2754680252847517,0.1290223147728658,0
-0.5543871698020567,1.1267392991550218,0
-0.49400775153358145,0.9839257219166418,0
4.396194244266918,-0.42237570244763195,0
-0.6725316867360233,0.11998819897386453,0
-0.7700332937025798,0.9896423423545121,0
-0.18052996721375195,0.024191747871284915,0
2.9842580533468177,0.30187337602950703,0
-0.10252970404340793,0.9251229151389055,0
-0.6501221428088015,-0.11190417778932565,0
-2.2223704737143115,-0.7121427091321568,0
-0.7757689211871238,0.5485447208155568,0
-2.1973977984964987,-0.5899685668537599,0
-0.33876388741589974,-0.39525205498553734,0
1.930114064756207,0.28361075463089064,0
-0.7757388349614415,0.3994188415038695,0
3.1044247791470867,-1.085412199171059,0
0.46195655490703025,-0.3701899685259151,0
-0.5068391857080788,1.2245783778985064,0
0.3233060974370698,0.21382535525002888,0
-0.2991554174483802,-0.05567189863616157,0
-0.4232722734656825,0.06539657988937368,0
-1.567788576906684,-0.08863184243083741,0
0.7862538900140381,-0.7006814083719085,0
0.29695155951175584,0.6563187075341087,0
-0.538005843179249,0.7331665872888224,0
0.0810157962723927,0.5781765193498649,0
0.0922856151284135,-0.12079647403468022,0
-0.2742828800763422,0.5788947514645078,0
-0.3353886113596233,-0.09434187063910933,0
-0.3751948552571616,0.3244817404864345,0
-0.5060547556931824,0.5496314514734687,0
-0.4747395898489934,1.1122490469162265,0
0.2631319607924477,0.3041367661678441,0
1.6515963403557101,-0.3361683117835221,0
-0.20630343399262985,-0.9725948613406185,0
-1.5937963838094604,-0.2874177224386589,0
0.967118418307293,0.4334732915378172,0
0.24024975600151743,0.25107508992381894,0
-0.23856038966782422,-0.2700837817323721,0
4.478597407484668,0.15017578574148585,0
-0.9944863757101886,0.40839683726723697,0
2.389861200078177,0.11940891209499162,0
0.22819390039882623,0.4781683729396863,0
1.2677876099669911,1.3734802844153933,0
-0.1508662290548307,-0.8832599714668613,0
-1.5390775354731325,-0.26231270040259896,0
0.623821774791445,0.11034369397055112,0
-1.3655216055967632,-0.6048525034690736,0
3.304058700242206,0.4171478177948727,0
-2.6205309444523386,-0.8015916981663517,0
-1.5184402104441639,0.09135574061334045,0
-1.5529169655879416,-0.026935143642166034,0
0.21164385834604507,0.884646289397288,0
0.2970111529569835,-0.1923870043111511,0
-0.0818563918266964,0.6887404412037973,0
-1.5066809228680098,-0.23223042171873057,0
-0.8169661422177721,-0.32069241144449295,0
-1.0949469248098918,-0.07332379485097447,0
-0.2347957827371892,0.9186057414888025,0
-0.2788431399398571,1.4974561791689769,0
0.8453545363110608,0.49336282897346534,0
-1.6464923115774677,-0.14652489809938618,0
-0.5047957420591846,-0.6571966233358639,0
-0.2685916449123752,0.8123042261002664,0
-0.21806965025648115,-0.8044563469410171,0
2.4432138355511537,-0.3012936997049833,0
-1.1271886793604355,-0.4272065739911846,0
-1.734571824858153,-0.04521788148749379,0
2.6963788540220706,-1.3069369375528104,0
3.661115159107662,-1.030480481185724,0
-1.7788728342119182,0.002536409857899024,0
0.8509919487052234,0.6300177569431826,0
-1.0569410632808955,-0.5742959102772117,0
-0.5333635970756404,0.5790690283302177,0
1.2157029722669834,1.9355478364821657,0
-1.7873388319718893,-0.1374311122094662,0
-1.884618479744805,0.26561842002393454,0
-2.1884162239973795,-0.5996502587977574,0
-0.25706920163089386,0.048054695478672776,0
-0.7316071200437867,-0.1858841984720062,0
0.035593242067402595,-0.6369736918821252,0
-1.0293682418591128,-0.09173348033644504,0
0.11057984530503959,0.22903603818393553,0
-0.9007196054722036,0.1645891295389532,0
0.3029160748776383,0.7862593658582868,0
-0.4739620885217942,0.28185447255871937,0
2.2868636277068983,-1.241414284128644,0
-1.8961499071652577,-0.31832506443060143,0
-0.7679256993956538,-0.8144742517510828,0
2.9611449052232754,-0.6327767041434011,0
0.13787938652490733,0.8150672844362826,0
-1.1813972729135382,0.38941817882263885,0
0.15231150638253516,2.231802101621542,0
-0.11816464329033595,0.0410542483874549,0
0.20107058230276653,0.5851335232502919,0
1.6651456824121789,-0.5585098302776338,0
-0.6010644434107585,-0.4693345097007117,0
-0.1598166896026307,-0.42633147526272114,0
-1.2353449696042271,-0.07107511228151225,0
-1.3866804083269406,-0.3679466948342899,0
0.4004325669452263,0.8238732019144086,0
-0.45687966187344003,-0.18383987986498618,0
-0.8273612723818494,-0.7440439824200469,0
-1.9424831372499338,0.17890020364855533,0
-0.07218757467742486,0.29604181283735437,0
-1.5252509350080812,-0.21221286945614118,0
0.11091284923881964,-0.21860326710096387,0
-0.5403421420397758,-1.1248022621112015,0
0.8449475025505215,0.9283585970167999,0
0.5708314647348116,1.8520242290092208,0
-0.14319056227181584,0.3725795126649018,0
0.22669053477632117,0.5384314783051414,0
4.034641992219598,0.05781059318098397,0
-1.0458038399712248,0.15916595451376817,0
-0.24839054483987194,0.33688642950788744,0
3.5794955308750525,-0.8647710108365395,0
0.3443815701778974,0.5797448324827764,0
-1.8455676073621177,-0.22375682756008886,0
-0.6478461490955206,0.03473586169890275,0
-1.555651314070036,-0.10171520992272579,0
-1.3461581793028237,0.04837603291942929,0
-1.0021900732676114,0.49442859959082097,0
0.4544644886550208,-0.7316666778123116,0
-0.09609605971022851,-0.4950191545951355,0
-1.3474770493645674,-0.41020597183308954,0
-1.0251345059611805,-0.4531266851734898,0
-0.45226455151448375,-0.409274077331584,0
-0.6337807815804036,-0.2913361404566271,0
-1.449059010619614,-0.14525053799351342,0
0.31468569034201943,0.44357706398895,0
-0.37307134812356674,0.02400580938943908,0
-1.2176655589827678,-0.4724087631926016,0
-0.16621640219934183,-0.7889856876233877,0
-0.5592579877633846,-0.37166801685682216,0
1.7244486598520246,0.8034947585668554,0
0.38988508289734414,1.9629862288888011,0
-0.4780256349538598,-0.23241145893709328,0
0.37944100319988544,0.40558239203601526,0
-0.7030124453062976,0.612848626555131,0
4.54830128335477,-0.5149736586130014,0
-1.8197142097944203,0.3447482832540187,0
1.7256395446213233,-0.8569018891234019,0
0.7299024797093858,0.592367745663276,0
0.3364320441868304,-1.1230797885592918,0
0.5771630484668234,1.7611098684889623,0
-1.5713365465996012,-0.7525469879380127,0
-1.789992800945664,-0.594573946537877,0
0.05813654196249265,0.3046523252861596,0
0.37736086066123053,0.31737378646437725,0
-1.648141235091961,-0.3779301153866856,0
-0.6861293993197364,-0.24126859518737023,0
-1.3513580229912647,-0.6264818120553652,0
1.9449491098810698,0.3849044151487245,0
-1.594870901882697,0.4005652422527003,0
0.18859235911900413,0.2940358645227801,0
-1.4254416413707875,0.06247378413346783,0
-0.1816355992383078,0.264927908302501,0
-0.0140461074832137,0.6092826483033585,0
-0.15351313664502705,0.8246254106723675,0
1.4736034459995853,0.10796688392099231,0
-1.0794743513113771,0.4286437712024631,0
-1.840238118608357,-0.7608713229411392,0
-0.3859368467304136,0.037874178930840836,0
-0.5307955925486264,-0.10416217183938559,0
-1.1557003401321941,0.13489715329937269,0
-0.5763324579984046,0.845846667071183,0
-1.4632186150184454,0.25228893634492816,0
0.36642744493951984,0.3941636870942875,0
1.5706496486783579,-0.9102898040716666,0
0.4011207046251341,-0.972351619471377,0
1.2587649096519435,-1.0086505265487118,0
-1.3180076859351346,-0.7337977111660515,0
0.899414754187026,1.6151128398617383,0
-0.49543015864162965,1.2122800124561313,0
-2.1791346822711923,-0.6873828588952866,0
2.4647988513731884,-1.6536789693794085,0
-2.2121139727545254,-0.4250118128768875,0
-0.01784375112056112,-0.20981847778644855,0
0.31335649239204855,0.004091198773697313,0
1.2399059698750503,1.6303563160871992,0
-1.2553112808333318,-0.34773931454327084,0
2.813736306483729,-1.3684382313121608,0
0.8379469604699197,2.135014085926538,0
1.8715906440948347,-0.7160430414274457,0
-0.4081722229851017,-0.22998241488667648,0
0.1081553432187401,0.01119019386263318,0
0.7527091782284195,-0.00950552925603812,0
-1.3630590608714468,0.2156877930448414,0
-0.01165079659284064,-0.4369535130269918,0
-0.17896540141424522,0.26204956745428554,0
0.8571287089882464,1.0770446460781635,0
-0.2972978131095034,-0.05131263513916235,0
0.01569416467324137,0.9531385637003815,0
-0.5274192887667131,0.7931206960788726,0
-0.3142056233658238,-0.03944852294621987,0
0.32882611540953305,0.7265212826468148,0
-1.1205254354438996,0.40152891481705305,0
-0.8706399797004086,-0.33420056563833905,0
-1.297400447131848,-0.2310033908384249,0
1.994121832225919,0.4223495548518352,0
1.566641401461234,-0.6855097749796634,0
-0.03504960584855617,-0.9367386588314842,0
-1.5740397811303763,-0.3800802499584299,0
-0.07688364355083793,0.35338482512991803,0
0.36472675169725194,-0.2462960553786227,0
-1.0499557223249443,-0.724557540438493,0
1.0332847850685867,1.0948931306740586,0
-0.8473526639043321,0.10070054395386165,0
