Feature,Ridge_L2,Lasso_L1,Elastic_Net,Selected_by_Lasso
Age,-0.04893349108886491,-0.04139603560225245,-0.04500985575696475,True
BusinessTravel,-0.002138182373914755,-0.0,-0.0,False
DailyRate,-0.019348649494524958,-0.01189733220498241,-0.01586413141942056,True
Department,0.07331635235651159,0.009018285315205852,0.0299437032155211,True
DistanceFromHome,0.03178380757876409,0.022238832956648552,0.026757165520702078,True
Education,0.0018597454741727207,0.0,0.0,False
EducationField,-0.003826797311060022,-0.0,-0.0007296121414916035,False
EmployeeCount,0.0,0.0,0.0,False
EmployeeNumber,0.0068027518062964525,0.0,0.0026510712086142076,False
EnvironmentSatisfaction,-0.0464105479007382,-0.03484487988008944,-0.040241061107701565,True
Gender,0.026549680362749944,0.0,0.0033507885700594254,False
HourlyRate,-0.009540280575995364,-0.0,-0.0029819816642924525,False
JobInvolvement,-0.040334837907700836,-0.03310352070039756,-0.037279798533975214,True
JobLevel,-0.017884856912438865,-0.00016101476778794,-0.005965587096336515,True
JobRole,-0.007610238552440454,0.00019431729858493014,-0.0006024221490383409,True
JobSatisfaction,-0.03843529296862738,-0.027918985769212395,-0.03257847611556575,True
MaritalStatus,0.04346543292998263,0.0268068518532089,0.033810918564984145,True
MonthlyIncome,-0.0053090019688153125,-0.008928257831198895,-0.00863346702431155,True
MonthlyRate,0.001424450067765467,0.0,0.0,False
NumCompaniesWorked,0.04396388266232904,0.026316053098359146,0.03368079079194379,True
Over18,0.0,0.0,0.0,False
OverTime,0.1932467720018243,0.13868673172248563,0.16130221560294258,True
PercentSalaryHike,-0.01762772882242163,-0.0,-0.0008845063972391955,False
PerformanceRating,0.015016161988210536,0.0,0.0,False
RelationshipSatisfaction,-0.02440059729654262,-0.011303166148706323,-0.017270942153196318,True
StandardHours,0.0,0.0,0.0,False
StockOptionLevel,-0.027065082081158185,-0.026733487484535398,-0.027560878016249013,True
TotalWorkingYears,-0.02743202369731291,-0.019645264859180233,-0.020902122276498833,True
TrainingTimesLastYear,-0.012256043719149286,-0.002624502553172987,-0.007581530729818317,True
WorkLifeBalance,-0.025182056729878655,-0.017414078399040085,-0.021660401250378655,True
YearsAtCompany,0.017359372453552884,-0.0,-0.0,False
YearsInCurrentRole,-0.028617983102483802,-0.015528708447478187,-0.020166050324406163,True
YearsSinceLastPromotion,0.030750331355093304,0.011258995872057774,0.022830384337884743,True
YearsWithCurrManager,-0.03791175186360644,-0.02344657102790284,-0.027447362466240133,True
